,PetID,AdoptionSpeed
0,e2dfc2935,4
1,f153b465f,1
2,3c90f3f54,2
3,e02abc8a3,4
4,09f0df7d1,4
5,0487529d4,2
6,bae7c4b1c,1
7,548bcf206,2
8,0f82cea1e,4
9,a3787f15e,4
10,0113cedff,4
11,0070b950a,4
12,cbe2df167,4
13,37a0b72a4,2
14,669695dd6,4
15,be85036be,2
16,c2bbbdde2,4
17,6a968e033,4
18,3107d0aa7,2
19,9e11f1974,4
20,14bc519cd,2
21,cee2cdc6b,4
22,12799a2af,2
23,34af29aab,4
24,5bd1a9042,2
25,04d1a03dc,4
26,cdac529a3,2
27,6b593bbe2,4
28,9992b9fce,2
29,8c03c9a3b,3
30,1aafa4a3a,2
31,a1267e7b0,2
32,937ff0f91,2
33,3642a8eea,2
34,154acf309,4
35,dd5dc51dc,4
36,5890ff277,2
37,2191e428d,4
38,0ecec0922,4
39,28d7742b7,1
40,971c5506a,4
41,23b3f4aaf,4
42,0eb9916ad,4
43,de9f5bbd3,4
44,0a6d1c439,3
45,e46543f14,4
46,02a6a8de6,4
47,765e7a7f2,4
48,ee315cace,4
49,304ad649d,4
50,c213ae0ea,4
51,d08af6694,4
52,95cbd8f9c,4
53,9b28cb68c,4
54,dca7beb9a,4
55,cfb8bc1d4,2
56,c7dff16c4,4
57,66d9bc1e2,4
58,580439dd0,2
59,007311a1a,4
60,6ddb11a41,1
61,5cecb38b1,4
62,a31a8770c,1
63,c461e24e2,4
64,c5961f8fa,4
65,914aeca86,4
66,e15abf53d,2
67,5c06f5626,4
68,4ffa7cb1b,2
69,fe26e0eeb,4
70,bac997283,4
71,936196a6e,4
72,7e60a46d3,4
73,047968852,4
74,9436ee170,2
75,d7b32bca1,4
76,d40a093b0,4
77,1b7db58bc,4
78,e7218c51f,4
79,a3fdcb1b0,4
80,df789ba1a,2
81,55b35e1c7,2
82,46caeb331,4
83,92c260e20,4
84,a0b33c8c9,4
85,4e2733835,4
86,ac1d15904,4
87,8f7b3062e,4
88,f7f55e46f,4
89,947a55b73,4
90,c662f2d43,4
91,31a3eb0cb,3
92,1c2d09fb9,4
93,0d747dd7f,2
94,f51ca343f,4
95,625a7d4a9,4
96,b3060d901,4
97,a1953e700,4
98,62176b313,4
99,b08bccfc9,4
100,8a9175cc8,4
101,c31668c91,4
102,f4f92a25f,4
103,51a68f921,4
104,e8c1b9f65,4
105,2c8e2587f,4
106,39b4cc29c,2
107,3729a07c8,2
108,1d8cd3f86,4
109,1453baee9,4
110,ed08ff211,4
111,ef55aaa19,2
112,319dbe347,4
113,500c81255,4
114,fce166483,4
115,2956452a9,4
116,8e7b5a548,1
117,3832b9d6c,4
118,b4423d2df,2
119,f994b2e74,4
120,f1d472e56,4
121,5c9d64727,4
122,6888b8513,4
123,24badb559,4
124,042419243,4
125,f308fe85e,4
126,eef9bca7e,2
127,71b036809,4
128,0de2aebde,4
129,cdf463b44,4
130,c25645fb6,4
131,42482d16b,4
132,987ea6224,4
133,f96a4bb28,4
134,9b2999d19,4
135,aac9b4c12,4
136,1ab4667e5,4
137,f51c7e461,4
138,6c5a9d5de,2
139,e83179a24,4
140,f6d983ac0,4
141,0afb94478,4
142,21d253ed7,4
143,3cec353c6,2
144,118457bc8,4
145,3f6323ed1,4
146,a162830f9,4
147,4545f6eee,4
148,7c5f67ff2,3
149,183f35a18,2
150,e50e19813,1
151,08b8613d0,4
152,31c5d0f2a,4
153,d08620b12,4
154,0b3355ca8,4
155,ca9598602,4
156,23bbe3e02,4
157,e28d2d205,4
158,21c4dd4ab,4
159,014fe943c,4
160,6a557a815,4
161,29319e758,2
162,e0deab631,2
163,cd46a82ba,4
164,bb560d19a,4
165,e56bd965f,4
166,2795e5bd5,2
167,32ae6aa25,3
168,8e48bdc22,4
169,9281e4407,4
170,fa8a27964,2
171,b5a09eebd,4
172,bd6f11942,1
173,c44459d46,4
174,575e2d52e,4
175,4c54b3ef7,1
176,9324086de,2
177,96d59b19a,4
178,69f6c908f,4
179,b7d2a9ea7,4
180,373019036,4
181,e76211748,4
182,66cb57204,4
183,9dc583f86,4
184,18e67368c,4
185,8063f9e16,4
186,f69e00e28,4
187,8c3507d46,2
188,de9dafa39,4
189,c91e69ba7,1
190,a5830dc7c,4
191,1d8476c11,4
192,eaf6a588a,4
193,0e3d46c94,3
194,6f262c1b2,4
195,da2dccea4,4
196,d1774293d,4
197,c217c48b9,2
198,637230592,4
199,a61df4757,4
200,3d674f739,4
201,97bd62d73,1
202,6e1a75dc5,4
203,9b4105f8f,1
204,0dd197382,4
205,4ec6b09da,3
206,471d0c9dd,1
207,71e9d6fa4,2
208,f16e1677c,4
209,07e87a2c7,4
210,9aba4c393,4
211,14b8e9529,3
212,e15c2a67a,3
213,36daaf540,1
214,812ef7d15,3
215,84639e201,4
216,14fbe0540,4
217,172bfcaa8,4
218,21740e1fc,3
219,e7e675fa7,4
220,65eb85bf7,4
221,8489dfcf3,4
222,c15662d04,4
223,0250f1cc7,4
224,7bc927c30,4
225,fb614a50e,2
226,98b82b51c,2
227,de331ffb3,2
228,ce7283d8f,1
229,e497c67d6,3
230,da89366b3,4
231,5cd6399ca,3
232,6619a45c9,4
233,1ccd6155a,4
234,b8e26e762,2
235,504026b8a,4
236,3c80bf388,1
237,920492da4,4
238,bfd82911e,4
239,2d8a1f072,4
240,8887757b9,2
241,4bb92c19d,4
242,204d83208,4
243,9764c7453,4
244,0b41e22a9,3
245,5ba74447c,4
246,722bd62ab,4
247,1132dae5c,4
248,1566339cf,4
249,a05ce2c83,4
250,5512829dd,4
251,f2c01e904,4
252,ec366f165,4
253,8826983cf,4
254,4e95b9d16,4
255,8ca1dc122,4
256,079560a12,4
257,658e4f7f0,4
258,7f3da34ba,4
259,dc515f454,3
260,4b85f7c5c,4
261,e33b5f209,4
262,87a216b2b,4
263,98fc45330,4
264,6461be29a,4
265,c1481c095,1
266,6af7d8b8b,3
267,f0c00625c,4
268,fa0fa8772,4
269,0d23ea9dc,2
270,97703b6d0,4
271,5843d277b,2
272,82351090a,4
273,da8e80e41,4
274,25886fc76,3
275,a2c996cad,4
276,9514871e4,4
277,96cfd3d1f,4
278,a30b2e4f7,4
279,3f38eb232,3
280,30b53966f,2
281,32069d5ed,3
282,afbee187b,4
283,8de7b260e,4
284,c27b099b4,2
285,a0e9cd5e6,4
286,9ad33b24e,4
287,e0e5a187b,4
288,cd3ac3329,2
289,13e5b9517,4
290,9f1e8073c,4
291,1abdb8207,2
292,ac416271f,4
293,dd85fcf23,4
294,bf3139ee9,4
295,ef20ce351,4
296,887e6178a,4
297,bd07519f2,4
298,68e42af5f,4
299,d5704e8cf,4
300,3dcc2bacb,4
301,148167350,4
302,0295cd746,3
303,844bfaeb5,1
304,f21f489ec,4
305,947564553,1
306,29222c3ef,4
307,d7f1558d9,4
308,34a0f5496,4
309,6082976d9,4
310,1935fa2e8,4
311,995bdb719,4
312,82e5205d1,4
313,55f25c755,4
314,8c962cbe0,4
315,676ef5349,2
316,50cb04378,3
317,1b2bdd583,4
318,52ebfd168,2
319,72a8e2213,1
320,c4d968a5d,4
321,6e8f7ec92,4
322,35e305971,4
323,cba6451f0,4
324,6d857b65c,3
325,fc9c9edf8,4
326,497d2eb58,1
327,a286d120a,4
328,498630042,3
329,c0f7ca4d2,4
330,ba0d4c4fb,4
331,cf8e714b5,2
332,0df1c58ba,2
333,811abf0e0,2
334,c35a12385,2
335,52fb50d92,2
336,4d51be887,2
337,e88cc0ad7,2
338,77bbecdba,2
339,9c32a85a3,4
340,e492163a7,2
341,1bb2d493e,2
342,e2a4a550b,4
343,ee8e18912,4
344,41a11714f,4
345,8e1ffc02e,2
346,884699a61,1
347,bf84f27d3,4
348,78311864b,4
349,32e820b4e,4
350,97b3afb40,4
351,8c086b31c,1
352,94de82299,4
353,e03b139b6,2
354,4e464c40c,1
355,52b06b831,4
356,bd0255211,1
357,f27f624e3,1
358,47f9b4bf3,2
359,0c856b2dd,2
360,a9c3a72ee,1
361,7fddb9b80,1
362,5c9538ed0,2
363,10eae033c,1
364,eb2aaaae6,2
365,737ba8ad7,1
366,1fce75ac3,1
367,8823d7a46,2
368,517eca23e,2
369,6fd93dc00,2
370,03479e092,1
371,9bd8e6974,2
372,3d99480ff,2
373,e17b48e09,4
374,59b2ad256,1
375,8560356c5,1
376,6511c10d3,2
377,959f50690,2
378,2af7bc4c7,2
379,ecb751c16,1
380,48436b927,2
381,764857076,3
382,251509be3,4
383,74ee32f9b,3
384,232d7c519,2
385,9df90f436,2
386,ccfdbafc3,1
387,9286e9c1d,2
388,227423495,3
389,b86e59039,2
390,e5a69080b,4
391,fc38139ea,2
392,311aa9d5d,2
393,cb3c9f878,2
394,5069fa551,2
395,292dcff42,2
396,8ef239128,2
397,7779b0057,2
398,1795c9024,2
399,99f30d086,2
400,d9bb1057f,4
401,d9dadd17c,2
402,c44b30646,1
403,bd9065dcd,4
404,532528586,2
405,a31c7353f,1
406,d70db908a,4
407,22cbeef54,2
408,903f2e808,2
409,df9919d57,3
410,71e62fadc,2
411,c5442fb6f,4
412,33ae1e49e,2
413,4d773b0fb,2
414,5ade7c4d8,3
415,481b0851d,2
416,bb72efc6a,2
417,bccf9b55b,2
418,1f5d38f4c,2
419,44beec498,0
420,eb6910f75,2
421,d2078768f,2
422,d8a8e989b,2
423,7a9aeddda,2
424,20a2b69ce,3
425,8e7185005,3
426,d78f74185,4
427,e08dc0041,4
428,129d5e7c5,2
429,13c54b641,3
430,732c7f56f,2
431,c221eaa7b,1
432,b84749ea6,2
433,9842fa6c7,4
434,5ee37d9f9,2
435,5dad884c7,2
436,16150272f,2
437,c264fa6a2,1
438,80723bbaf,2
439,5fa45f41c,2
440,16a158ad3,2
441,c5f9d0cba,2
442,9e27cd358,1
443,ad837a833,1
444,7db69545e,2
445,0f09650a4,2
446,95465de9e,1
447,01f3fa628,1
448,f86e108a0,2
449,44ef2b7d3,2
450,b87e49114,4
451,1d7c375c5,2
452,dd0a51b66,2
453,16743d12a,2
454,085b338c2,4
455,6609302ac,4
456,5647f2611,4
457,4deae07ae,2
458,0dccf3794,4
459,d6a3869de,2
460,c7ee7af0e,1
461,e501b45de,2
462,2181ba8e1,3
463,9c064fb33,2
464,01fec620e,3
465,3ad1913c1,2
466,8bf21c4a1,4
467,4d7d5c614,2
468,99b90a3b3,2
469,3ce5233ba,1
470,1d6e895fc,2
471,cda90187b,3
472,66d73b03c,4
473,9f633e2c4,1
474,51c34dc3b,1
475,6088aec72,2
476,e843444c2,2
477,eb641b14b,2
478,ba1d4177e,2
479,77865b3cc,3
480,8acc9f190,4
481,2e4ea20fd,2
482,0a5a7452a,3
483,4be3e7257,2
484,f0cd5916a,2
485,86d7bcf81,2
486,4b497d443,4
487,92ea77095,2
488,1f85c9142,4
489,1d939c264,4
490,ba2f87264,4
491,fe42c1ee7,2
492,8bfeccb9d,4
493,5fee60b0c,3
494,8f8273719,2
495,35c11e02d,3
496,ecc2c95f7,2
497,2fbe9c637,3
498,56ccfe80c,3
499,5b52fa500,4
500,ce1882ef2,2
501,83ed707f0,3
502,9dbe39a2d,1
503,5e797053c,4
504,bf41df11c,2
505,b4aee9257,2
506,78760a8a2,3
507,ec7ed0e13,4
508,e5fdf769e,2
509,ebfb9fea7,2
510,03a2876c0,3
511,13ae52084,4
512,9dbd4133b,4
513,c47bafaeb,4
514,531f4c477,3
515,dce26b7b8,4
516,042f37990,4
517,f8f190e6e,2
518,fdd8b3f5f,2
519,81d10dff7,2
520,a4effe02b,3
521,e4b7bdf8b,3
522,1445bdbeb,1
523,f3f6e8a8a,3
524,d8786ffae,2
525,2cd415bfd,2
526,e3b178375,4
527,576e56888,2
528,addb89bf3,3
529,fc636b29c,2
530,882fcef2e,2
531,eb4b22ab2,4
532,f291aa558,2
533,eda2f0546,4
534,f49c4095c,1
535,8ce98946b,4
536,0600d1b91,1
537,2aa6b2e0a,1
538,880cf5656,1
539,44fc199a9,1
540,1983efe86,1
541,b684dddae,1
542,65fb1de96,1
543,6d917c00b,1
544,f743529bf,3
545,1c092fe4e,4
546,f07fcb84d,2
547,f08707752,4
548,bd36fcc15,1
549,1a40a0305,3
550,6c66cf586,1
551,799aef9ef,3
552,61e2d2fc2,3
553,0196cb8af,1
554,f241f3422,1
555,cebe05231,1
556,85f563eeb,1
557,adc44b72e,4
558,a172c5753,1
559,f763f888a,4
560,07a0984c4,1
561,c8276fba5,3
562,dcf813733,2
563,cca0740ef,2
564,0f424a52d,4
565,b8dfa7a47,1
566,92ca222e5,4
567,08c70b57d,4
568,4de39cb54,4
569,92dd467d9,1
570,982db62b6,4
571,afb913f6d,1
572,cad4a3a31,1
573,f2cd120ab,3
574,c873e4764,4
575,e961931e3,4
576,0af1a53b6,3
577,b3957e642,4
578,be5fc85a5,2
579,4c28abf85,4
580,c09373a4f,2
581,9a7b511a7,4
582,3786458ed,4
583,ca52e1c97,2
584,955d418d3,3
585,a354bdd09,3
586,8bff54050,2
587,35c1dc094,1
588,9c5a95ceb,2
589,0c40ab830,2
590,877753199,4
591,812e0e887,2
592,78e5125b3,2
593,7896b6567,2
594,2ef709d8e,2
595,f1c935c58,2
596,4b8fb2af1,2
597,a23b4743a,4
598,40c5c27c1,2
599,1a4c4f02e,2
600,3d99d8f35,4
601,b7c2941ea,2
602,52b43d86d,2
603,9691d0696,2
604,7ed043c8c,2
605,8468b39ab,4
606,fda872629,4
607,523dc32f9,1
608,f274e2f1a,1
609,4c7d71274,4
610,03f4f8cd4,1
611,d6d6ba591,1
612,4ff3e18fa,2
613,369699c07,2
614,4b717dcf4,1
615,a590480ae,4
616,1a4cfc889,4
617,1d5dc55e8,2
618,1e6b4714e,2
619,b04939e6f,2
620,907ace0a0,2
621,d430c36e1,2
622,8a2932ddf,2
623,d082bbd5d,2
624,d459a5053,2
625,4a657fb0e,2
626,f177bb858,2
627,5776d4621,2
628,58d1a3634,2
629,57810d54a,2
630,f950ddce1,4
631,4bfa814d0,2
632,b573c3587,1
633,38b4fc7e8,2
634,366b03a7b,2
635,ab3a4fd7b,1
636,378a2976c,4
637,16244a39e,1
638,239ad5709,1
639,ad0eb6657,4
640,f6bbd922d,2
641,371626c53,4
642,3f8aa8d5b,2
643,b88cb23c9,4
644,35ef6b921,3
645,1085ab51c,2
646,4b740011c,1
647,87ba49379,2
648,69cfd4b85,2
649,1e0947834,3
650,ddcaf083e,1
651,d37f06611,4
652,f726a8e68,2
653,4df14314f,4
654,2ba18e688,4
655,f55f7260a,4
656,ea4767368,2
657,b04dfa558,4
658,8fc4d3f64,3
659,08fcb3796,4
660,25c5870c1,4
661,f9625a3da,3
662,9f7c429f9,3
663,ac4b25c28,4
664,39b09dae1,4
665,43e8f9008,1
666,482f4006f,4
667,89e638597,4
668,ddecce8e1,2
669,34caa9f8c,2
670,fb36484db,3
671,d724e767e,4
672,65da5b76e,3
673,17c8a4889,2
674,f8ae8d2c0,4
675,6b3bb24d0,3
676,b6c3a2101,2
677,ae99bec5c,2
678,5db0437fd,4
679,a196411a9,3
680,406b62d9f,3
681,af8dcfa6f,3
682,e4b775480,4
683,c503705b2,3
684,6e4abb2f5,4
685,86a9edfb1,4
686,2a7eef0b4,1
687,ec0b1d821,4
688,a43564af0,3
689,f628c4d4a,4
690,a039b2be8,2
691,1e101781c,3
692,43f1ffd92,4
693,7d729681e,4
694,0923cec9a,4
695,33ba1a672,2
696,a7e02f25b,3
697,994f31876,2
698,039919879,2
699,658fdc9b7,4
700,f8c113931,4
701,6a7b43ccf,3
702,a88947c92,4
703,5a0c538d3,4
704,af1e55594,4
705,143a8c2f7,3
706,5384047e9,3
707,69cb189ba,4
708,025518427,2
709,b0fbccc02,4
710,eb1a1f355,4
711,4868e6c0e,2
712,faa4fbbcd,2
713,30d2d3349,2
714,8623c9652,3
715,ea0bb166c,4
716,0901d7d0c,2
717,23dd3a0c2,4
718,18ce01ce5,2
719,d2b7e0624,4
720,6ce710b09,2
721,04f2c21c9,2
722,4785660fb,4
723,3de14b978,3
724,95035eb26,2
725,f759f4c37,3
726,edcdaf449,4
727,dc248d64d,2
728,3bbc9c716,3
729,d81208f00,3
730,8df4ede59,3
731,db015d253,4
732,f45417319,3
733,42cabd82a,4
734,ff524e4b4,4
735,53578869a,4
736,9cc49e8c9,3
737,9bdde234c,4
738,b01c6bfed,3
739,0f48e1daf,2
740,a73f792dc,2
741,caf7f95a1,4
742,c488a232b,2
743,342b7d5b9,4
744,de69b768b,3
745,0f527688e,2
746,08a15f267,4
747,391eea56f,3
748,67ea55552,2
749,1f9145dd3,3
750,56dbb28b5,4
751,b21940173,3
752,0dc6e0168,1
753,ea266a278,2
754,0c3931980,4
755,8c548d660,4
756,2ebcda97f,4
757,b7e1659de,4
758,87a50e77d,4
759,41f348cf1,4
760,c71417d92,4
761,f01320159,4
762,12bb39139,4
763,57aee22bf,4
764,24649b575,4
765,cff947175,4
766,335382c5c,4
767,d7376dca7,4
768,7a61c43ef,4
769,2c50f2ae3,3
770,e37c1dbc9,4
771,4b0b00959,4
772,dcff18df1,4
773,dd9c80ae4,4
774,a667d1bbb,4
775,5bb2555d7,4
776,42b402284,4
777,c5a925ba3,4
778,a5adf305c,4
779,98d084003,4
780,f1fb7e5fe,4
781,22c8aac39,4
782,5f99c928b,4
783,025e61a40,4
784,494ab93cc,4
785,b6bea8bfe,4
786,3c689f6cc,4
787,85158c3b1,4
788,22dc5fc68,4
789,0fcaf7215,4
790,467d8e74c,4
791,bbfab0b9f,4
792,d642372a4,4
793,b8b375e67,4
794,dd0fb7271,4
795,414ee6fc9,4
796,39cf4158d,4
797,d8ef5278e,2
798,8e41736c0,2
799,470761baa,1
800,2343e3a62,4
801,af7305535,4
802,001630d8d,4
803,15c037834,1
804,0ba175395,1
805,f3461e133,1
806,5f6d296e4,1
807,9a3da1ca4,2
808,4e6c1a4e1,1
809,1d84ecb39,2
810,f926aa852,1
811,6f0d79640,1
812,00d0f85a2,1
813,ececd5690,3
814,268c974ae,3
815,534b54310,2
816,fcd6da627,1
817,3cf6c3f7a,4
818,ee0d0e8c1,2
819,0628b2de1,2
820,7697a56cf,4
821,84d54073f,4
822,f813f8b0d,4
823,d3281a835,4
824,e5ca7809a,4
825,4b3754ac3,4
826,e45eed5c7,2
827,1c9ebe123,2
828,d668fec83,3
829,d12de8e93,2
830,e62db9ae4,3
831,cdcbb890e,3
832,d9849f762,1
833,a68e42d0c,4
834,0c35ad1d7,1
835,43b849292,4
836,97e9a9ec3,4
837,ae6216284,3
838,eeba2f1e4,2
839,eda2277e7,3
840,1225aa471,4
841,cc0ab2eec,4
842,e88dcfd7e,3
843,da2f83c72,2
844,b4f67326f,1
845,5663ff89d,1
846,3c5d3cd7a,4
847,1d6fb6261,4
848,01bf77677,2
849,ff441ba85,1
850,e805f9fbd,1
851,fc38c67cd,2
852,c84910ba9,2
853,8980de5f9,2
854,794d27c39,1
855,e80887885,2
856,d2da8b626,1
857,fd91d18aa,1
858,0e36b1479,1
859,c32c88fc6,2
860,c9789834f,2
861,190168aca,2
862,eb22b1069,3
863,a119e922e,3
864,d105b5fa2,2
865,6740d622b,2
866,5010854b4,2
867,b84d879fb,3
868,1c530eba7,2
869,58a532867,4
870,b5dc10a2d,2
871,8c2d50007,2
872,1895ac98d,3
873,c80b03d1e,2
874,9db54acbf,2
875,67b60d933,1
876,4552c1c77,3
877,351ed51ce,2
878,1e585e43a,4
879,7b9878695,2
880,4a2609b66,3
881,a51550043,3
882,71d8361e2,2
883,b539b0be9,2
884,e320369ac,2
885,faa9c415f,3
886,ae0d70596,2
887,6ef7dd43d,2
888,e44c42b35,4
889,6abfab9db,3
890,af3c47437,2
891,24b980767,4
892,0cd556ba0,2
893,96dcb6951,2
894,5fa324ba3,2
895,3f561feb4,2
896,e9de71224,2
897,a9f6b9ee8,4
898,7b72df3aa,2
899,901fcfac3,3
900,7e011ae52,2
901,9d87fdb46,4
902,c70e8d6c5,2
903,d0dfb0776,2
904,72f3b5d63,2
905,b0d4fc10d,3
906,759c23248,2
907,c526a03af,2
908,069fc697a,4
909,a059a19d9,2
910,9c562ce4d,2
911,df70d6cf9,2
912,5434c6366,4
913,e470cda67,4
914,350e451f6,4
915,be980a877,4
916,5259001b4,4
917,75b88f89e,4
918,5cf6552e0,4
919,3714f5809,4
920,87b9bbe12,4
921,ae4f49a8a,4
922,34085101a,4
923,21d7f07ba,4
924,7406e63fa,4
925,78e7157c0,4
926,ed65175ea,4
927,c051a5093,3
928,593190956,4
929,f5c96ebdf,4
930,20df3a4a0,4
931,c715f51fa,4
932,56efae4f3,3
933,c14becd10,4
934,bcf6142d9,4
935,6864737de,4
936,6bae50ba6,4
937,7b29ccf88,4
938,28f83093f,1
939,edab0a383,4
940,f9a3f1bbc,4
941,26029d8a7,4
942,7a9d92e03,4
943,9ef159820,4
944,c98b7799e,4
945,f054d3aae,3
946,143e72e61,4
947,36abc63b4,1
948,3779b9c81,3
949,267afbb7b,4
950,8c6097ba3,4
951,1baa0fdd5,4
952,f6b57955c,4
953,fd4bb8e65,4
954,e737de21f,4
955,a6d522e08,2
956,1cef6322b,4
957,4d5070ea7,4
958,68a8912ea,4
959,de909c0f5,1
960,e92550715,4
961,177bb2650,4
962,62262f6f5,4
963,235da65ee,4
964,6c8483b25,4
965,b61e36f59,4
966,ee2708165,4
967,8157ff31e,4
968,a961cce13,4
969,acef8980d,3
970,8136dbdd8,4
971,1c63228a7,3
972,45690f3ca,4
973,f82bd0b2e,4
974,eb4eaa232,4
975,200dca296,4
976,d100e89af,4
977,9e558930d,4
978,a6bbfd052,4
979,8876c6029,2
980,37109bfb3,4
981,551b6d230,3
982,edbdaa06d,4
983,749101038,3
984,01d2db31d,1
985,c0474f1e1,1
986,224a0d4d5,4
987,335833a1c,2
988,1a501dabb,4
989,e3397d780,4
990,a8073348d,4
991,5b75ce952,4
992,7564480f1,4
993,b1fbf1225,4
994,df99a85f8,4
995,5cec43300,4
996,31585ac3b,1
997,1e5eb7a60,4
998,1409bb4e1,3
999,e9a5ab1c8,2
1000,2e5f614d0,4
1001,ac29bdcf9,4
1002,795dace51,4
1003,b51495461,4
1004,fc64d129f,4
1005,9f884a1b8,4
1006,ff4c4e629,4
1007,46467282e,4
1008,853dcfe06,4
1009,80a105c70,4
1010,690b52e7f,1
1011,d2825f6cb,4
1012,a4dc73c81,4
1013,19287db4e,4
1014,bc4fe149e,4
1015,9c8648bad,4
1016,f335d044b,4
1017,cb2f519e7,4
1018,9ebf4102d,4
1019,a2d9b253e,4
1020,78a2e8466,4
1021,5dbefce1c,4
1022,46d252bb6,4
1023,e330fbf7d,4
1024,2fa0b94b0,4
1025,4460bf715,4
1026,3d48aa182,4
1027,888b894bd,4
1028,af4c9b661,4
1029,f00ab93ab,1
1030,bd6052741,4
1031,73e4143d9,4
1032,f2ccaeca8,4
1033,b6e731b17,4
1034,9f16ef04b,4
1035,915d801c0,4
1036,00cd4914c,4
1037,f0a00e68c,4
1038,9ba7d3297,4
1039,575a4c15f,4
1040,51531b385,4
1041,5d2fa2bf8,4
1042,81c2939d8,4
1043,865d95420,4
1044,fb568daf8,4
1045,d094921da,4
1046,ba5e3fafb,4
1047,f171dd578,4
1048,c52442262,4
1049,b931b4b37,4
1050,bd7608352,4
1051,1ec648af9,4
1052,024c4d4d3,4
1053,701f63c6f,4
1054,55766fa03,4
1055,58171dcea,4
1056,f5ec410a2,4
1057,0d1dd21e5,4
1058,1688063e6,4
1059,31ac5b931,4
1060,b400bc4df,2
1061,1eaab2f11,4
1062,4438cf71d,4
1063,87805a2ba,4
1064,f47a62514,2
1065,4d6a1f88c,3
1066,71fc3458f,2
1067,9789ca2dc,3
1068,062e0879d,4
1069,3d88d5a3c,4
1070,3d7561293,2
1071,70bfa87c3,2
1072,c18a3b783,3
1073,0cad8b10e,2
1074,d75065e01,3
1075,a331ef890,3
1076,c3058b272,1
1077,156832d2d,3
1078,d1f9ae3cd,2
1079,d2ef01564,2
1080,bcb692352,3
1081,abfdf0fc3,2
1082,d2e0d7f2e,3
1083,fb9041dc1,2
1084,c388d1185,3
1085,b0c1d4903,1
1086,961e1e37f,3
1087,01cc0d9b9,3
1088,016b1241a,2
1089,f51767bbe,3
1090,3d615fcde,2
1091,29dea5486,3
1092,2116330f3,3
1093,49818a45d,2
1094,cf348bf60,2
1095,4e117f566,3
1096,87e930a77,4
1097,b852a73c6,2
1098,5ac0afae7,2
1099,c356f5725,1
1100,266f643bd,1
1101,5c663948f,1
1102,d8e5bbb9a,1
1103,28e8a5d93,4
1104,ec51bda06,1
1105,0d385de8a,1
1106,17a421360,1
1107,206904438,1
1108,19b089699,1
1109,b0e0da17e,1
1110,3adab4936,2
1111,a4d843b2b,1
1112,762a055f1,1
1113,824c7a6b7,1
1114,0515f0b27,2
1115,3900bb627,2
1116,a2940580a,1
1117,3841f6c5a,1
1118,27df3e732,1
1119,e99c85080,1
1120,bd9235cb8,1
1121,f0542fb45,4
1122,1960fb489,4
1123,03824a75f,2
1124,45c153a10,1
1125,22dedc727,1
1126,de205986a,1
1127,b34c078da,1
1128,104e76f10,1
1129,02d7ad0a1,1
1130,c12dca23a,1
1131,deaef23f4,4
1132,cc8d725f3,4
1133,a98a2139f,4
1134,3e08c1385,4
1135,48965226a,4
1136,bf36130c4,2
1137,bac813f44,4
1138,a2e7bf17a,2
1139,60f333c67,4
1140,c7e34b4dc,4
1141,c59c8a6db,2
1142,d2fe95e5d,2
1143,c79fe46e4,1
1144,bfe86f653,1
1145,1399f6543,4
1146,e995c2892,2
1147,4f354dd31,2
1148,e9c8b8586,2
1149,49fb71bad,2
1150,1c7095c4e,3
1151,840bdc7c3,1
1152,ab4b18e09,4
1153,d7727f144,2
1154,c30646460,2
1155,048d58d8b,2
1156,8732c3dbc,2
1157,f18b627ef,2
1158,76bf1e6bb,2
1159,3410919ab,4
1160,4f47bc0d4,1
1161,1dd45b6dd,4
1162,fe2092f38,4
1163,79c1f044a,2
1164,fa7d7d26d,4
1165,9ea00c468,4
1166,551b76e2b,4
1167,9ddd09967,2
1168,059f7bb12,4
1169,bb3b78edb,2
1170,7c2b47078,2
1171,3c3b53478,1
1172,cfe99e66e,2
1173,3983beb6c,4
1174,2884bfaa3,1
1175,a58e06b72,2
1176,46c5c7270,2
1177,f6d9876eb,4
1178,31c0b58ef,2
1179,c28db8ac6,2
1180,9d7aa5cb3,3
1181,7ae8ae584,2
1182,23c260cc9,4
1183,95fe9b7a7,4
1184,d2683ea3f,4
1185,17cfedd4e,4
1186,2e1f9f3d9,2
1187,34da5ee02,4
1188,3b193942d,4
1189,b1bda52c2,4
1190,d95fc099f,2
1191,6f9ef4d82,4
1192,e4e6cd845,2
1193,6c5a5a3d7,2
1194,96950330f,4
1195,c1a57ec16,3
1196,addba8d56,2
1197,a11e54f2d,2
1198,d9795e054,4
1199,e3c8e16b9,4
1200,f665d8254,4
1201,8ffa89a0a,2
1202,200adb8e0,4
1203,9c23894d6,3
1204,d8e391c56,4
1205,dfd984e52,3
1206,f9a88940b,4
1207,61c44ad0f,4
1208,73e1d11ce,3
1209,b7f8c5bb2,3
1210,c58defc4a,2
1211,d76af589f,4
1212,b77df50a9,4
1213,028875e32,3
1214,072ff63f9,4
1215,5c679b8fb,3
1216,32c1350c6,4
1217,6b357800a,4
1218,31ffd3e84,3
1219,882ba2073,4
1220,2a259a53d,3
1221,711f68f74,4
1222,b404dff05,3
1223,2f4b49497,3
1224,ff355a086,3
1225,1a3ebafb4,2
1226,5d47e7e18,3
1227,ff4aa9196,3
1228,c0748d15e,1
1229,4807aa491,4
1230,7bdefbd4c,1
1231,2b25c7619,4
1232,7c27adebd,1
1233,808fa6136,1
1234,d2fc112d9,1
1235,df2daaa1c,4
1236,05998be3a,2
1237,04c83fbb8,3
1238,000aa306a,4
1239,f21bc3d39,2
1240,9e10cf52c,3
1241,0de7b2448,2
1242,607b798b7,1
1243,794a46eaa,4
1244,36b503dd7,4
1245,08d9dbef5,4
1246,5dde2e545,1
1247,a9475624a,4
1248,20da7c72d,2
1249,8bc2dbdea,2
1250,7e22ce045,4
1251,568c22443,3
1252,ea1ed2dbd,3
1253,dfaa707f9,4
1254,1521842ae,4
1255,793f7eaa1,3
1256,0b10de1b6,3
1257,5e5b97e53,2
1258,aab5e0d82,4
1259,d8537a794,1
1260,b69f11e6c,3
1261,bd45d4a4d,4
1262,c9905105f,2
1263,c19608fe8,2
1264,dd3b2729b,4
1265,9caf932e7,4
1266,6ee2a9856,4
1267,46ef56bd9,2
1268,65ff9aae7,2
1269,c547dcf69,4
1270,2c7f82441,4
1271,7fdc9a1e9,3
1272,718e24579,4
1273,4fb5245f0,4
1274,0f96a24d2,4
1275,6e7c42e2e,1
1276,f413def4a,2
1277,56e607497,4
1278,009a75a42,4
1279,e31a44817,1
1280,48ab74343,4
1281,642cc8c98,2
1282,8d17e1738,1
1283,d78d143a0,1
1284,900db000e,1
1285,1342ede6c,1
1286,46f4bbf72,2
1287,0e5c79590,4
1288,ca5fa4db1,4
1289,7f1e6293a,4
1290,376bb3871,4
1291,eb0494413,2
1292,7a7a6f25b,1
1293,8913478c5,1
1294,bb8b0d8d1,4
1295,bce93927c,4
1296,6e3a84f0b,2
1297,257a74f2a,4
1298,33fda28cc,1
1299,a4dd98ac4,1
1300,aa992a06f,1
1301,060081998,2
1302,46208e2c4,1
1303,b9c062c62,2
1304,47ed598da,1
1305,f901fe5ef,1
1306,585ead422,4
1307,18b11332e,1
1308,2c23e61d1,4
1309,1e8bcc08d,4
1310,2bf093c71,1
1311,26abfde11,2
1312,c629e59de,1
1313,743e5e95d,2
1314,0ad8ed80c,1
1315,908381fe7,4
1316,59827b183,1
1317,94d5cfc72,2
1318,58b4eede8,4
1319,9fc096ece,1
1320,514f49f40,1
1321,1b05b7d14,4
1322,49f932518,2
1323,c550dc5ee,4
1324,c3d2ed28b,2
1325,acb001c45,1
1326,43eb46b09,1
1327,9c7981f22,2
1328,5b44a7500,1
1329,b5960fa52,4
1330,8c9a51edf,2
1331,48526e8db,2
1332,4866e0afb,2
1333,e64c64329,2
1334,1f9388681,4
1335,313a56b49,2
1336,3abb52336,4
1337,aab03084e,2
1338,18f7b2cde,2
1339,8409541d4,2
1340,71050d86f,2
1341,9518fa97d,2
1342,b3b920081,2
1343,478abe583,4
1344,e2da8e717,1
1345,7be8f38dc,4
1346,efef8ccab,1
1347,f5b3cd992,4
1348,d86410f38,2
1349,6ec3289a2,3
1350,ccfef1621,2
1351,56ed31abe,3
1352,0e0d6f4de,3
1353,b9b82f926,2
1354,4972c080f,2
1355,8227bcad1,4
1356,c99371802,4
1357,ec106a8b7,4
1358,d88a32af5,2
1359,477fd2d95,3
1360,667c5e241,1
1361,3bc82129b,2
1362,5be05e01d,2
1363,8bfd55fa0,1
1364,58df0e592,4
1365,4b33f0203,4
1366,d4ec801b4,4
1367,b1ff76558,4
1368,44334fb54,2
1369,b0d0bdab3,2
1370,e50784000,2
1371,e20c64b3c,1
1372,4b7362fc4,2
1373,2a3c60549,2
1374,4211f2825,2
1375,4fa7555cb,2
1376,373c6936f,3
1377,98aea7843,2
1378,93ba35d85,4
1379,00d26f809,3
1380,7eef28bab,2
1381,af2a1db8e,3
1382,3928063df,3
1383,255556532,3
1384,202a57eaa,3
1385,9e70455c3,4
1386,70654efef,1
1387,a62eeb265,3
1388,60cd5f3ed,3
1389,1aee8a1a2,3
1390,d836f5d99,4
1391,16012e77c,2
1392,71dbaebe6,1
1393,e26c08ffd,2
1394,34787edc0,2
1395,5428dc24a,3
1396,feb182c1d,4
1397,37ea615ca,3
1398,b38262fe5,1
1399,47ee11b6e,4
1400,0d4cb6f3e,3
1401,eb2c6fe8f,2
1402,1aed4a8fc,4
1403,f3e376be5,4
1404,7820b93c5,1
1405,146d4c1ec,1
1406,5ee7021d9,1
1407,baa719822,2
1408,8baf52542,2
1409,def90508f,4
1410,f92094add,4
1411,8731686e1,2
1412,a840384b5,2
1413,0a3024b5d,4
1414,daccafe15,2
1415,9d9972150,3
1416,802f8a1f9,2
1417,e080acd98,2
1418,7e85dca17,4
1419,da4418a5a,4
1420,809197a23,1
1421,3e0b73fda,4
1422,80906aa71,2
1423,af98cea7e,4
1424,8af853d49,4
1425,81e3e1ce5,4
1426,d127877cc,4
1427,79b21365e,1
1428,5281a6e10,4
1429,8f05ed73f,1
1430,a1e93d035,1
1431,0c739cff7,1
1432,5204a13b3,2
1433,c47b1b950,2
1434,fd9f0890f,4
1435,e032886c6,4
1436,2b08d8621,4
1437,7ee9c9118,4
1438,851307ad7,2
1439,9a85e116d,4
1440,ab509472d,4
1441,9407fc3aa,4
1442,4fe9853d4,4
1443,e8546acbc,4
1444,9c3f4b853,4
1445,c74faacc8,4
1446,b4e07570d,2
1447,588f9a4fe,4
1448,9c4ce554b,4
1449,467cb797f,4
1450,ffff62841,4
1451,167fc9e74,4
1452,4003885c2,4
1453,d22d6ab8d,4
1454,55cf77eb8,1
1455,f340a9b21,4
1456,0c31f782e,3
1457,48d132969,4
1458,292ff8e76,4
1459,aefc3462f,1
1460,58c7cd785,4
1461,c693b153c,2
1462,9161ae29d,2
1463,59040fb4d,1
1464,30e0fa4e6,4
1465,2c1e743a0,1
1466,96ce8f1fc,2
1467,4a76d1c95,2
1468,e5d8312cc,1
1469,09e9b294a,4
1470,366994ae7,1
1471,aaed7d428,4
1472,237ac6911,4
1473,e19c1710b,4
1474,a2c642a9e,1
1475,d3c26eca0,4
1476,5338359f8,1
1477,01e35d03f,1
1478,2b721e67b,1
1479,c9c98a0fc,2
1480,4e49e2df7,1
1481,a954018c1,4
1482,65fe58547,2
1483,2a1ed8912,2
1484,a1e4807f5,2
1485,e3e4e30c3,2
1486,209ebbfed,2
1487,29167255b,2
1488,0f9d57161,2
1489,74d6261ce,4
1490,042bcaadb,4
1491,cc5dea10c,2
1492,9fd0e73ab,2
1493,b932855b5,1
1494,93f3f763b,3
1495,e5154499d,1
1496,4caaed61c,4
1497,f5266620d,1
1498,0e28ba597,1
1499,32c2d5e35,4
1500,db4b370d5,1
1501,a5c39a02b,4
1502,866333fc1,3
1503,f301659ec,2
1504,aa53670fe,2
1505,63d3ad497,3
1506,ee7acb89a,4
1507,787f37a69,2
1508,d976e5305,2
1509,b760d449b,2
1510,6ffc00d88,1
1511,e202e95ab,4
1512,963cece93,2
1513,7ce683940,2
1514,32c57e5f5,4
1515,fe4721f91,2
1516,7a6df600a,2
1517,4a6c180dd,2
1518,2d9806c8e,4
1519,4f2eb42f8,3
1520,218272984,2
1521,23d9401a5,2
1522,a98eaa477,2
1523,6b8c7d6d8,3
1524,33854e4f1,3
1525,db62115f9,2
1526,5c045d946,4
1527,b7638e54e,3
1528,040ae13b2,1
1529,c554a982e,4
1530,ad403561d,2
1531,80637261b,4
1532,341bb7b34,2
1533,24b6cb0f4,1
1534,b9906dd13,2
1535,d7b7dd916,2
1536,d74122e99,2
1537,6b980291e,4
1538,77e9c91f4,4
1539,968abd09a,3
1540,458c33e67,4
1541,f1fd96f29,2
1542,b48a8c317,2
1543,f150ecb1c,3
1544,12df6d106,4
1545,3f6aea61d,2
1546,a0948ab92,4
1547,f1014cd29,2
1548,7f1da4d1a,4
1549,5ae9757b7,4
1550,bc180acf5,1
1551,9b219a229,4
1552,418a12fa7,4
1553,1bc38ee4a,2
1554,ba71dd24f,2
1555,e934f0900,2
1556,429a63cc2,2
1557,518bc54a2,4
1558,a1ff49735,4
1559,189dee21d,1
1560,0f4b27403,4
1561,a5e3fa8fc,1
1562,28d7ba02d,4
1563,af2f28e05,4
1564,9a5ef6689,2
1565,cad7101c1,4
1566,71e991077,3
1567,169ee3598,1
1568,67cac06ff,4
1569,5ba1b66b9,1
1570,37385f153,2
1571,689b99219,2
1572,3f1782222,3
1573,1310a8e26,4
1574,4fbd3d03f,1
1575,c6b51cde8,4
1576,a95fd104e,4
1577,9def25129,4
1578,46786d2fd,4
1579,9ae1dec53,4
1580,4266fca0b,4
1581,fbcedbe37,4
1582,4e3844f13,4
1583,62d8f4307,4
1584,8fbb8a8d7,2
1585,23068f628,2
1586,1f6c025f2,4
1587,9baadfabf,4
1588,a7bd2fef3,1
1589,4a61ec611,1
1590,ed31754c4,4
1591,5737b3d5c,4
1592,b672871a3,2
1593,4831f2809,2
1594,3f9caee13,1
1595,a7eb70d8c,4
1596,fb5c27aa4,3
1597,7a7c3efd8,2
1598,eb42d25c7,4
1599,504418f50,2
1600,b19db199c,2
1601,505f1bb19,2
1602,3576a82c4,4
1603,8876989c6,2
1604,c24b2568f,1
1605,2f733eefa,3
1606,0b04d7007,2
1607,6a9a67994,2
1608,4221c8c6b,2
1609,80c6b4372,3
1610,74bcb0064,2
1611,703e4f919,1
1612,99a11f09d,2
1613,34e7e8d15,2
1614,43fb5e064,1
1615,780d7ea9d,2
1616,6947884b0,2
1617,b2b8c994d,2
1618,0e114879f,3
1619,8d37372d5,4
1620,db800e561,2
1621,f4c1753aa,2
1622,d1dc0e113,2
1623,b09459851,2
1624,b7f5d2132,2
1625,bc346a545,4
1626,861fe5bc1,3
1627,bac2aba96,2
1628,cf791cdaa,1
1629,a10b1a956,4
1630,878e0f6e1,2
1631,d78ab2002,4
1632,e7ef7ee2f,2
1633,f3bc9fe58,2
1634,cf66790e6,4
1635,a2797ec8b,4
1636,842a5ff9e,4
1637,3624d73fc,1
1638,9a83223ed,1
1639,0f3bd41d8,1
1640,b88e582cb,4
1641,6c1a85d24,4
1642,a5f970235,4
1643,c2e3cc243,1
1644,e29f9a772,4
1645,756955df9,4
1646,592b1c1a0,4
1647,585178d96,3
1648,bf2eb743a,1
1649,26c676e24,1
1650,fb887ef38,1
1651,605c3a89a,4
1652,e58620db8,4
1653,737be5779,4
1654,4bbb57518,4
1655,b77049a0c,1
1656,b3a6e0d73,4
1657,390cdc0ec,3
1658,e4ef8860c,2
1659,5cb22774d,3
1660,54e8d5179,3
1661,74dcc54a6,2
1662,5d5fa552e,2
1663,a87b5c279,4
1664,26415ba6c,4
1665,7e6a6e420,2
1666,149c39b66,2
1667,e8ee73cc7,1
1668,c44173f96,2
1669,a427828f2,2
1670,9e22dcf95,2
1671,1384f2887,2
1672,578e8c906,1
1673,60efb737c,4
1674,1bc292a32,1
1675,fb5f0696c,2
1676,89bc83d9e,2
1677,cc564e237,4
1678,0e52a5c9c,2
1679,a26ee80d0,4
1680,4a476e087,4
1681,e3148297a,3
1682,88b14d096,2
1683,cc99037d5,3
1684,41903e7a6,2
1685,28382cd87,2
1686,4ae4bbaf4,2
1687,207f52180,1
1688,eb0c22076,1
1689,70c041ca9,1
1690,a6574c9e2,4
1691,fb6cbc530,4
1692,ee22436d6,4
1693,e133e8dcd,1
1694,05371870e,1
1695,d81973f04,1
1696,f1c0bb578,4
1697,b4d30fc51,2
1698,23f6a508a,2
1699,5adcfc6d0,1
1700,970c25743,2
1701,d881cbf2e,2
1702,17ba9dd47,3
1703,1351e45aa,2
1704,f98c13633,2
1705,353b7f4dd,2
1706,f23f78389,2
1707,d11735bda,1
1708,f949026de,4
1709,0f9083bab,4
1710,97d033585,2
1711,fbd5832a5,1
1712,39d2cf194,1
1713,5624ae076,2
1714,d90e654cf,2
1715,93423d1fb,4
1716,b3dd7cbf3,4
1717,126f57f7d,4
1718,9527b6aa8,1
1719,e17644953,2
1720,ce2b4b2f1,2
1721,46d00f27d,1
1722,cf58c5c4c,2
1723,0a9f45592,2
1724,9fa7fb235,2
1725,336425df5,1
1726,2191e729c,4
1727,29abd06a9,1
1728,499ea31b5,1
1729,7b452d8c0,4
1730,c60e5bc02,4
1731,a26e09ace,4
1732,1471b7daf,1
1733,d08954f90,4
1734,f3a641543,4
1735,588d74ec0,3
1736,465396b94,2
1737,3569791d9,2
1738,e9340f1b3,4
1739,8e7a11671,3
1740,2cb728c4b,3
1741,ffb8f5704,1
1742,2b8d20df4,2
1743,573ea4dc7,2
1744,9fbc9bcf2,4
1745,0c3fcebaf,4
1746,040ca87c8,4
1747,5b542bb84,2
1748,a2c811cb2,3
1749,e29e29b9e,4
1750,29df9d5ac,2
1751,a2190b4f0,4
1752,6ea048760,2
1753,bb5c08008,1
1754,f6cba11fe,2
1755,303e333f7,2
1756,76483e4b0,4
1757,7890c12cb,4
1758,bacac1eef,2
1759,4e26f6237,3
1760,bda2ad65c,2
1761,f4d8100fe,4
1762,75317e55b,2
1763,5a359cd51,4
1764,e954193d6,3
1765,843d2449a,4
1766,d50820857,1
1767,f5167c5cc,1
1768,f853bef27,2
1769,8f44c3003,2
1770,5be4837b0,2
1771,d38cd1bda,4
1772,a8ba21133,2
1773,6173a225c,1
1774,c3ea8bc20,1
1775,51fe5fa60,4
1776,124db33ab,4
1777,55509b6df,4
1778,9b48157a5,1
1779,390c333c3,2
1780,f9cfe8746,4
1781,c7195a1c0,4
1782,22c7694f5,4
1783,afe87b777,4
1784,6a35cfa07,4
1785,a59ad20dc,2
1786,f8657b0ae,1
1787,83ece1343,2
1788,6a663b6e8,1
1789,76eeca0d3,2
1790,bf871912e,3
1791,5d2c46603,4
1792,ec6e2be1d,4
1793,05ddc6538,1
1794,8fb46c270,2
1795,bdf237438,2
1796,f7e4f48af,4
1797,77f62bac4,4
1798,448b0110d,1
1799,a51734b45,4
1800,f425da4b7,4
1801,8b39b161e,1
1802,eeeaa1059,2
1803,86633bd75,2
1804,f7389cd16,2
1805,0b151360c,2
1806,8dbb39173,4
1807,df95de498,2
1808,6c176b54f,4
1809,576538092,3
1810,3a77cd63a,1
1811,6fd2a649e,1
1812,bb2dca9b6,1
1813,e94189116,4
1814,4daed7231,2
1815,33cf2e4a8,2
1816,bc4fbae71,2
1817,02fb51556,2
1818,92a086e02,2
1819,1cc472495,2
1820,7ad9d67bd,4
1821,84564d23d,4
1822,f87fda8bc,4
1823,d06a4f600,4
1824,60b331e21,4
1825,6a50aca6b,4
1826,d132eabd8,1
1827,0a631cebd,4
1828,4bf2697f9,2
1829,d9def0a38,1
1830,8ccd9de8f,4
1831,f65161b87,3
1832,b328145d4,4
1833,8b9a3b3eb,1
1834,df41906e1,4
1835,ff507d1b5,4
1836,9954f4a4a,3
1837,d363416c4,2
1838,1682100d2,3
1839,7d6a74b12,4
1840,6291b09f4,3
1841,4a55c9f03,4
1842,7026016ea,2
1843,a816831fb,4
1844,315554711,4
1845,0b09945d6,4
1846,603a1c912,4
1847,3b40e328b,4
1848,4680a5e9f,2
1849,500f826ac,1
1850,4f37ae2e0,1
1851,b33f4d649,4
1852,5114df57d,4
1853,716b825d5,1
1854,dff5e33bb,4
1855,6cff69d12,4
1856,9d91e1913,4
1857,bff1eefc6,4
1858,4c17194a0,4
1859,6c0806da7,4
1860,db4b6db80,1
1861,65cfd221c,4
1862,7fa5e9cd8,2
1863,6cd3db96a,4
1864,e13ee3b41,4
1865,ce698dc75,1
1866,75d4052a6,1
1867,a1cfef42a,2
1868,c7e7358b1,1
1869,4d999d3a9,2
1870,1bf8c8a2d,1
1871,3558f46af,1
1872,5202633cc,1
1873,2efc513ab,2
1874,0a8e773aa,1
1875,56252863e,4
1876,f89aab6c1,1
1877,23dd6d50e,3
1878,74d765729,1
1879,54110ecf7,3
1880,ae4885e1a,2
1881,b751252cd,2
1882,6c45f02bc,2
1883,95cce48c5,1
1884,7e7a90c3b,2
1885,2a631f760,1
1886,3d9a5ac46,2
1887,e704e1744,1
1888,bd1cd5e02,1
1889,65ee84779,2
1890,3d520f47c,1
1891,adbad85c3,3
1892,9deeb4f29,2
1893,f2b611f53,2
1894,d2937f8aa,2
1895,b94bfc176,1
1896,c5691c397,2
1897,8c9b21e02,3
1898,8df6d215e,1
1899,573d595ae,1
1900,6511382ae,1
1901,054ca7b8c,2
1902,5229f814a,3
1903,104164bee,3
1904,36e05d7e4,4
1905,35090cd14,3
1906,38a47590a,1
1907,4728c70a3,3
1908,af8248393,4
1909,04029c4ba,2
1910,7ab6d95b7,2
1911,428a67131,2
1912,be799bf9c,4
1913,2b70b5764,2
1914,7f71a71de,3
1915,0ec139474,4
1916,9f01cfff1,4
1917,d4e8bc09c,4
1918,31db73165,2
1919,87edf67f4,2
1920,4da75edf5,2
1921,ffa1dc3cf,2
1922,c8d822dde,2
1923,dcb9727c3,2
1924,1b433696a,3
1925,c15e533c5,1
1926,9886b3011,3
1927,18eaac448,3
1928,a5472a418,2
1929,be8e347e5,2
1930,095de27a2,1
1931,ea2265da7,2
1932,352aec027,1
1933,71e9e03c8,1
1934,1d67517d5,1
1935,b765b3d8c,3
1936,79fd4f1dc,1
1937,1fde098c7,2
1938,c39ddf3a1,2
1939,fc65c8cd8,4
1940,e6436ffe0,1
1941,68f3aa569,2
1942,53f31abfe,4
1943,98d6fa62b,3
1944,8593527d2,4
1945,d7712a6ae,4
1946,e42819f0f,2
1947,788f7ed22,4
1948,c9f53328a,4
1949,9a053a28f,1
1950,b4db93077,2
1951,8b8155bec,4
1952,5352566ea,3
1953,332f9f8ab,4
1954,e468b9930,2
1955,a83930960,2
1956,4ad13c9dc,2
1957,4b0bb6bc5,3
1958,e80432fc9,2
1959,7392eb977,2
1960,18c60eec1,4
1961,c93ee4f66,3
1962,48f4ff0ef,2
1963,7f6bf9b5a,3
1964,6b82525ce,4
1965,39863c304,3
1966,f20502a91,4
1967,a3297b927,1
1968,7dc5f826d,1
1969,c29d4becf,3
1970,29d274de2,4
1971,d75ef43e3,4
1972,a23d2fcf1,4
1973,8cacc6b1d,2
1974,3fe1c722f,4
1975,b68a0cace,4
1976,30fe45021,1
1977,7cc63ee97,3
1978,1a1feacfa,4
1979,9ac984116,4
1980,c7588ac4c,3
1981,820d3a734,2
1982,de3afc8c0,2
1983,d0a658844,3
1984,c2fec2919,1
1985,37a74b0d5,3
1986,6136a04dc,3
1987,2a2039d2a,3
1988,bc07b7683,2
1989,786ebc385,3
1990,ba1e5e099,4
1991,e9a179861,4
1992,2756d496e,2
1993,e47e158be,4
1994,c39a21e68,4
1995,89f5acd5f,1
1996,fcae2ea8e,1
1997,b5431578b,4
1998,d17bcb899,1
1999,4fd559a2f,4
2000,a30f7b5a3,3
2001,fda78b398,2
2002,1632e7230,4
2003,ea4e9430a,3
2004,a5c9b03db,2
2005,b9f4e5bac,2
2006,a006a28a6,2
2007,cab21901e,4
2008,348cd5b41,2
2009,fccd30b68,2
2010,03df4efba,4
2011,242d5e1eb,2
2012,fd53861f5,2
2013,f497fc3ee,4
2014,3d72f28d1,2
2015,346e6d37b,1
2016,147b07a6d,2
2017,cb8103680,2
2018,73ea449bd,2
2019,301bc6c2e,1
2020,bd04bbba3,4
2021,ea8115514,2
2022,6bb574f84,4
2023,20e1d56ee,2
2024,9e8df77a2,4
2025,a84855274,4
2026,776177c6e,2
2027,6e52249b8,1
2028,3e5b2e36d,4
2029,8b4c08434,2
2030,8f6966d69,4
2031,5b602ebd5,4
2032,d43b1bc65,2
2033,6d238adbb,4
2034,5a46634ae,3
2035,63211a72e,4
2036,e890afe89,3
2037,1c70f3cbf,4
2038,048dfb6d4,1
2039,e94fc42b3,4
2040,e1643a076,2
2041,7b85be74c,1
2042,bb3aaaa28,2
2043,80f9cc7b9,4
2044,8e0417ae4,1
2045,d4a2129b2,4
2046,abe77f3d4,4
2047,4628ddaf5,1
2048,fc77f0c02,2
2049,20b6fa368,1
2050,65cab688e,1
2051,15dca164d,1
2052,4b7d7cf86,1
2053,abf5e67c4,1
2054,db5bbfb2d,3
2055,e14839727,2
2056,5c0a38a06,2
2057,5fdf55154,4
2058,358b9a638,4
2059,5e24a1a6b,4
2060,5a97646c3,4
2061,5e9b65bd8,1
2062,43d769938,2
2063,f433ea60b,2
2064,737542e52,1
2065,56b369184,3
2066,5c19f96c0,2
2067,40e5d9e21,2
2068,a35769d72,3
2069,53b8c2783,2
2070,2dad67021,2
2071,76c10a26f,3
2072,162beb77e,1
2073,93604bb92,3
2074,448965780,4
2075,a1eeabb2c,2
2076,9f07d1447,3
2077,c89dac0eb,3
2078,c3aa2d26a,4
2079,cfceabf43,3
2080,4e8b3b9e4,4
2081,dad80317b,4
2082,99b85cad7,4
2083,f9f3f2a53,4
2084,fa296a502,4
2085,60409d9f9,4
2086,c6878905e,1
2087,4573fd907,4
2088,ec84f5484,4
2089,35f109a16,4
2090,d94886fd2,4
2091,17c907a12,3
2092,4fcd6df66,4
2093,b3704ee82,2
2094,7fffa3066,2
2095,99a6043dc,2
2096,2f73907c8,2
2097,01a91d8ac,2
2098,b3eed2e3a,1
2099,1761f4b3a,2
2100,ecc561d11,4
2101,8d6a55800,4
2102,042b0831c,2
2103,cd17296d6,2
2104,697ac704a,4
2105,5bf4b8517,2
2106,1b5d7c38c,1
2107,bae61ebe6,1
2108,45d3bb4de,3
2109,499cd07b6,1
2110,1dc98a9b3,2
2111,f70a61f1b,1
2112,457aafdff,4
2113,5e73c2ffc,2
2114,9b9253143,2
2115,14fdac058,3
2116,b51b87f2e,1
2117,939791a62,1
2118,089ee4469,4
2119,9d99bd0c3,2
2120,62b173b40,4
2121,85b332009,4
2122,8b652b2ee,4
2123,b1d3cf596,2
2124,31274e975,2
2125,f22f7c3dc,4
2126,3715b8520,4
2127,d9e32c5b5,4
2128,6ecf2e425,2
2129,adaed145f,4
2130,1982f429a,4
2131,93025fb47,1
2132,f1684b031,4
2133,3c8d45ee4,4
2134,25494f3ee,4
2135,603b290d1,4
2136,c41480e41,4
2137,875f86881,3
2138,a9dd487ae,2
2139,f229df53e,2
2140,bc8252bff,4
2141,f9751a647,2
2142,14318f1d4,2
2143,b5cc601a6,3
2144,7f56ab42a,1
2145,d4238a1ce,4
2146,4731ea7f3,2
2147,18190bb81,2
2148,17aa39b06,3
2149,d2cee940b,3
2150,87735706f,4
2151,bd5be777a,4
2152,9c4a7d80a,4
2153,146295886,1
2154,de7e5bada,1
2155,914472e36,2
2156,678407b44,1
2157,57339fe88,4
2158,311368756,4
2159,e5ed347f3,1
2160,f4fd4fdd3,4
2161,f289129c8,4
2162,454b13e05,4
2163,13db5bc2a,1
2164,c4ad5de1c,1
2165,8f2b2bc90,4
2166,d6dc4cb56,2
2167,4a4e7ebb6,4
2168,511fb9ab2,4
2169,df852cd33,4
2170,f361a2abf,4
2171,ab63d5cc6,4
2172,33d8eb31d,1
2173,6f55f89a8,1
2174,ce3733a4b,1
2175,9b9542b4c,4
2176,1db53eb59,4
2177,d9362f7f1,4
2178,0ad970d41,4
2179,5a9356966,4
2180,fb93de06f,4
2181,8d05be710,4
2182,f4c08114c,4
2183,dd3bb8402,2
2184,83b6e5980,2
2185,ef04c6586,2
2186,0f3d74084,2
2187,43c2b42f9,2
2188,8d6b9ccc1,2
2189,bddd3870d,2
2190,b9858a1f0,2
2191,aabf13c92,1
2192,6a0230b30,2
2193,f355e3110,2
2194,cdcc26218,2
2195,544617e06,2
2196,de7731077,1
2197,eab92e3eb,2
2198,309e775b6,2
2199,32f238a32,2
2200,077b9c300,1
2201,7e00405e1,1
2202,7707cbac7,4
2203,4269e363d,4
2204,eaa6e53a1,1
2205,5cb6f9670,3
2206,1a4dfd6af,3
2207,2901b64bb,4
2208,0c66a7d25,4
2209,37f0dfa26,4
2210,191a846d5,2
2211,4ff2e9730,4
2212,98ed9710d,4
2213,b0e247ebe,4
2214,f24323918,2
2215,adbd24c05,2
2216,548bbce9b,2
2217,3010f15fe,4
2218,0898cb007,1
2219,72451f95d,1
2220,3055c8a82,4
2221,2a37907b6,2
2222,c524f550b,4
2223,c03d290a1,2
2224,a48d5a390,4
2225,064d06815,4
2226,27be7deb3,2
2227,03c52200b,2
2228,13529cfa1,4
2229,af2af528b,2
2230,b6e49c7ce,4
2231,88bedb74a,4
2232,b2b2d8aac,4
2233,691e427bd,2
2234,9a22997e8,4
2235,7fa14af9e,2
2236,2bd1bf0d1,4
2237,8f7306831,4
2238,faf21cc3d,2
2239,533c05f87,2
2240,1d1ce8c48,1
2241,3d5ca8d7b,4
2242,27195bebe,1
2243,be4ef3c57,4
2244,af1cee99a,1
2245,4eb8be143,4
2246,6cce5e116,4
2247,be9c572b1,2
2248,ba1d099fc,1
2249,1805b4c25,4
2250,171e38472,4
2251,a775bc2b4,4
2252,c871e456e,4
2253,dbf726372,4
2254,e6b72e703,4
2255,73886439d,4
2256,efadddbc6,4
2257,1c97472bb,4
2258,548037e61,4
2259,0360b90f2,4
2260,97d6a0f7f,1
2261,3bc466ba1,1
2262,a1f973e20,1
2263,7c45e2031,4
2264,acabbd610,1
2265,20dce2095,1
2266,e67336841,4
2267,3f2cb46fb,2
2268,e07d9bed7,2
2269,d7e2ed341,3
2270,4ea269d81,3
2271,65050e0e6,4
2272,77e943917,4
2273,3d7557ee6,4
2274,30362bb8a,4
2275,70bc640b8,4
2276,44bc55337,3
2277,9772a73ec,2
2278,4361fe188,4
2279,f8a000a3a,4
2280,ec5ab71ca,4
2281,9505ce1bc,4
2282,a5f5d64f3,4
2283,674ca1452,4
2284,92d56e551,4
2285,42a891475,4
2286,953056522,4
2287,9c510b4ea,4
2288,db29388b1,2
2289,4eee2c9ae,2
2290,dce60f93b,2
2291,86e79ed73,1
2292,b5bc49843,4
2293,c6038f029,4
2294,c20c85f84,3
2295,dd87c7291,2
2296,0ae993d50,4
2297,0ceed32f6,2
2298,ba4eeb11c,4
2299,93d7f909b,1
2300,a5c63cbc0,3
2301,5e898adfe,1
2302,2c3c58b1f,2
2303,5d1399b63,2
2304,7538ca0a0,1
2305,a53d3d41a,1
2306,43507e6c1,1
2307,2bab8aa73,4
2308,aee9c6257,2
2309,4aa138801,2
2310,83fdcc59a,2
2311,5aa0cf0b7,2
2312,6c6a12fd4,2
2313,051f42bba,2
2314,8af48a66d,1
2315,4c923a239,2
2316,cca989ab8,4
2317,3a5e66be4,2
2318,cb7de9e02,4
2319,5e272b180,4
2320,7fb98dd7e,4
2321,30e0ceb28,4
2322,b477dfef4,1
2323,b0823ad52,1
2324,339384a7b,4
2325,d935cd40d,1
2326,d94f2e3e7,2
2327,e00e75daa,1
2328,63e672dab,4
2329,1aa62fc18,1
2330,f2270858e,2
2331,bb2ff6736,1
2332,c6d6a446a,4
2333,a1e954b55,4
2334,408e9cabb,4
2335,8becca99a,2
2336,7040d50f1,2
2337,44f5f8acf,1
2338,82317f664,4
2339,7cfd366f5,3
2340,f1a35a9be,4
2341,bfd512262,2
2342,4ff130a2a,4
2343,c2d504696,4
2344,b175d60ab,1
2345,746b8b383,2
2346,3c22afb9f,2
2347,dc023cd56,2
2348,b50317521,4
2349,08936cc05,1
2350,153301510,4
2351,a40031b95,4
2352,acf596791,4
2353,155521e06,1
2354,c1ff39454,1
2355,39bb5c2f4,2
2356,64fe09b72,4
2357,533573bf7,4
2358,a2392dd57,4
2359,4a7e6a55b,2
2360,9ea73ece9,3
2361,85a5c8176,4
2362,5e7e4d54f,2
2363,a8c960d23,2
2364,935ebab07,4
2365,124152c20,1
2366,78cec6b9a,2
2367,935f5fd46,4
2368,fb241e401,1
2369,a66408da2,2
2370,ae100fb23,4
2371,0708db877,4
2372,5eb7443c7,1
2373,1428ffe7e,4
2374,36b6b879e,1
2375,c1f452c27,3
2376,d321197bb,1
2377,4881f5230,1
2378,4802a1f91,1
2379,38554e5a2,2
2380,7d669222e,1
2381,7604d203e,4
2382,412bd942a,4
2383,8d970956b,4
2384,95128acdf,4
2385,9c5a4b145,1
2386,f6d7bd5aa,4
2387,884e34dac,3
2388,8ddd5e159,4
2389,ea603abe2,4
2390,5b18feadd,4
2391,90fe10c68,2
2392,327a3ac30,1
2393,2a96f26a5,4
2394,84be7d7c6,2
2395,56c728e29,3
2396,1c2eae12a,1
2397,e0031eec3,4
2398,de503fff1,4
2399,77f7946cb,4
2400,469571794,4
2401,06592b5b2,4
2402,b85934798,4
2403,a2953fdff,4
2404,d4396a0a0,4
2405,12b42a431,1
2406,cf0c93dad,4
2407,8b4a94d8b,1
2408,0901cae3e,3
2409,96bdc9b4b,1
2410,efe281d05,4
2411,45bdbe878,1
2412,7787385c9,4
2413,3c8d7b8c9,2
2414,246690c06,1
2415,d8b6166fb,1
2416,d223e9faf,2
2417,469414278,1
2418,485d6ce4a,1
2419,f3c3cbdd4,1
2420,d5af3cec2,1
2421,098ca64da,2
2422,7e0268aea,4
2423,f3f222793,4
2424,2eff2c596,1
2425,7a17d4835,2
2426,b7c17a150,2
2427,40bd2d651,2
2428,0061e61ce,1
2429,63d2a2827,1
2430,4f2ed12e9,1
2431,5f81c20ba,4
2432,7f9d66544,2
2433,ed0118fa3,1
2434,4d893ed7a,2
2435,b415a8a56,2
2436,9ec953072,1
2437,5a3d7a908,1
2438,499ad838a,4
2439,dbf4b1345,1
2440,c22229ea8,2
2441,f687fd202,1
2442,b4c46e3a3,4
2443,beee81f51,2
2444,2ff9f4c16,2
2445,38af15d22,2
2446,6b8269c72,1
2447,a70374352,4
2448,0303de476,3
2449,745d2be9a,4
2450,e16c0610b,4
2451,436e6a9f1,4
2452,3c50b52aa,1
2453,37beb1129,1
2454,5cd670772,2
2455,20a90624a,2
2456,603a79829,1
2457,ec0fb5729,4
2458,59adab529,4
2459,12f9c8ecf,2
2460,60beb3a95,4
2461,e847fb2b4,2
2462,5f267deb5,4
2463,3e85088a7,2
2464,44d053d25,2
2465,9f0000208,4
2466,92d1af055,4
2467,68fc4ed82,4
2468,f6902cbe7,4
2469,b2260ef90,4
2470,506d810c6,4
2471,0bfe5511a,2
2472,aaffb7d14,2
2473,29e4e0922,4
2474,e794bb076,4
2475,463a9ad26,2
2476,c7d9616e3,2
2477,49d53d375,4
2478,549acdf2b,3
2479,4a301781d,4
2480,d37e37a9c,2
2481,054e96ee2,2
2482,9976d232d,1
2483,a6ebeeabd,1
2484,a8100370f,1
2485,bdae26123,1
2486,7b2f02d88,4
2487,1f6fb5fdb,1
2488,ae9d59ab6,1
2489,b77358cd4,4
2490,1892f9dd2,1
2491,3f3012fee,1
2492,1e8340628,1
2493,c7af888e9,1
2494,e5cb4272e,4
2495,34fe664da,1
2496,3dc91810c,2
2497,47c1c1d72,2
2498,4894fea5c,4
2499,d608f77ca,4
2500,5ad5692e7,2
2501,7d1673442,1
2502,4c6b9ce76,3
2503,25b8b4d50,4
2504,e83248628,1
2505,48e49f70b,4
2506,a0eb7c6a8,1
2507,058539bd0,4
2508,91dde1649,1
2509,f0e6c3cfa,4
2510,34137bfaf,2
2511,30a3d79ea,2
2512,a4e704bda,4
2513,b93e18ca3,2
2514,dcdd19b0b,4
2515,ba5bd5fb6,2
2516,9be65e56b,2
2517,365b3dfe5,3
2518,d5d0b37db,2
2519,26163f31b,4
2520,042d3b96c,4
2521,1de22c3ed,4
2522,74f50e66a,1
2523,2109a5a09,2
2524,3ea095f8a,1
2525,bd433031b,2
2526,efc7ef6f3,2
2527,9aa9db5bf,1
2528,56dddb052,4
2529,75cdf1ac1,2
2530,325ab192b,4
2531,074b67ec2,4
2532,cdc12f4cc,4
2533,379f85f61,1
2534,20627e11f,4
2535,bfe62d803,2
2536,04f02b126,4
2537,2db9688ae,2
2538,029e31937,3
2539,076238985,2
2540,d7725e1b0,1
2541,50ec5a223,2
2542,d79b92435,1
2543,52742d588,4
2544,311a86831,1
2545,e8d0f2484,4
2546,c50114583,4
2547,1de14fafa,2
2548,ec0546c29,4
2549,149841eec,4
2550,ae9898dfd,1
2551,c9834709c,4
2552,f3c2bc32b,3
2553,92558ec1f,3
2554,5ab028038,2
2555,9efd6ee7c,1
2556,e9cb69f9c,4
2557,176d9cfb4,1
2558,0a372b0d4,4
2559,8e3f73894,4
2560,d28521684,2
2561,187f85850,4
2562,6180ca07d,2
2563,8a69b8ca9,1
2564,e60e35c81,2
2565,5dd23a086,1
2566,94f3f7849,2
2567,0dc8dea0d,4
2568,edadaa703,2
2569,f6d1a2562,1
2570,61fc349f0,1
2571,a1c6560aa,2
2572,6139fdbde,1
2573,f586a464a,1
2574,f1b45fb36,1
2575,c7b515804,1
2576,6c73602e0,4
2577,4b4e2dd84,4
2578,bd8f200a2,4
2579,eba077589,1
2580,274600237,4
2581,5effc8b2c,1
2582,7e53a39a3,1
2583,bc6e53cf2,1
2584,4782df70d,4
2585,736e7f087,4
2586,9e62394f3,2
2587,d140a9b13,4
2588,829006a5a,1
2589,78ec1825a,4
2590,3bd1a696f,2
2591,9b3d6679b,1
2592,8ddbbaccc,2
2593,27cf589b4,2
2594,6f3fe6502,4
2595,735cca94d,2
2596,c0522ab38,1
2597,da62f3647,2
2598,280dd2698,2
2599,99f56cb3c,3
2600,2bf288d6f,2
2601,50f790625,4
2602,9b66ca3ad,2
2603,e7f81ad5c,4
2604,538d93905,3
2605,359b8a27a,4
2606,601b568da,2
2607,946434064,1
2608,597f834a3,4
2609,74af36397,1
2610,3f1906b0b,4
2611,0a9cbab15,4
2612,ec875509c,2
2613,50872bf50,2
2614,842ec4bbe,1
2615,6a5fc85cc,4
2616,a150a3067,1
2617,ec8115060,2
2618,69112b1e5,4
2619,b44212a72,2
2620,f06ed55e6,2
2621,c858b5d7e,2
2622,cf3f9f170,2
2623,f504a35e1,2
2624,f7bd94144,1
2625,3dc3877f0,4
2626,4849619d3,4
2627,3bf849b37,2
2628,6b6188542,1
2629,0ff96e183,1
2630,c11fcfe0b,2
2631,33273eed4,4
2632,1e7b1aaab,4
2633,d568909c6,1
2634,9416b2802,4
2635,25bbb36a1,4
2636,a3c4dd517,4
2637,a5ea56e8f,2
2638,409ed104e,2
2639,046059638,3
2640,b76d46279,4
2641,cf256a84c,2
2642,f3d192f49,2
2643,79773f498,4
2644,529d52fea,2
2645,06c246958,2
2646,b1c3920b0,2
2647,dce0cb798,2
2648,61b4e2e3f,2
2649,b82eb79e5,4
2650,250933fc8,2
2651,9f6edbb8c,2
2652,b11cc2617,2
2653,8c450e8f3,4
2654,50919a051,2
2655,309fd2a0b,4
2656,ca939f5b8,2
2657,4f674bb95,4
2658,2526ac5a9,1
2659,9fd824fb4,4
2660,dd75e7603,2
2661,5872caae4,4
2662,bd742de5b,4
2663,78f86a74a,4
2664,607efc34c,2
2665,99d79a7eb,4
2666,d7f760338,2
2667,a26bc0283,2
2668,3a0d06e63,2
2669,88dea0091,2
2670,3e891bd12,1
2671,40f088980,4
2672,146882f39,2
2673,d4649d392,1
2674,467694e77,2
2675,4d57eb5f6,4
2676,20e6c4ff1,2
2677,5c09bd0dd,4
2678,8f1dbd49b,1
2679,178cc8278,3
2680,cff411111,3
2681,2452444d1,2
2682,10d0c5d3a,2
2683,d4dae34ba,4
2684,0a3d2b273,2
2685,abd64b497,4
2686,3c81193ea,4
2687,797e2aa5e,2
2688,c64b3227a,2
2689,e1c12f4d7,2
2690,c6bee67e6,2
2691,dbbccb1e0,2
2692,82081a318,1
2693,2fada4bae,2
2694,3a47de7b5,2
2695,ae4201300,4
2696,6a7a61b8c,2
2697,daafdd1af,4
2698,5c588b32e,3
2699,41aea7855,1
2700,11164e33c,4
2701,4c437a4dc,1
2702,adbcb095e,4
2703,34d6c0785,4
2704,77b132132,4
2705,2f42c0ad2,4
2706,8ccfb6026,4
2707,a8cc9c2aa,4
2708,819f18c9d,4
2709,45777604c,2
2710,4f6496056,2
2711,13289f5de,2
2712,196d30c9a,2
2713,fbe32cae9,2
2714,618179bc3,2
2715,437c822f1,1
2716,926622f1b,1
2717,6ed7fb54c,1
2718,26af6208d,1
2719,2fab2fffd,2
2720,48e5ad418,2
2721,3d9801b54,2
2722,fe43b61db,2
2723,6b21cb9bc,1
2724,143d4f987,2
2725,9ad184d4e,2
2726,fe4da06ef,1
2727,bdecb978b,3
2728,ff4f022df,2
2729,d8f66bed3,1
2730,e57c23577,1
2731,b831fa30c,3
2732,db53b334f,2
2733,536eb85b1,1
2734,e67b287ee,2
2735,0d3054589,2
2736,7a23b3dca,1
2737,3627b7f09,4
2738,b2b3ddff3,1
2739,402704ef2,4
2740,4ad3606cd,1
2741,85b9e1147,4
2742,68f1de50b,2
2743,fa0224999,3
2744,b48364c6f,1
2745,0a035caf2,1
2746,86f3f98fa,4
2747,1ffaf0d37,3
2748,b279d98ef,3
2749,54ffef406,2
2750,a8bef5489,1
2751,73c791c26,2
2752,fc72d7d6b,2
2753,f031c4fdf,4
2754,d96d2b52b,4
2755,e2eddef44,4
2756,e4168ba36,4
2757,45e60206b,1
2758,8a4ed462c,1
2759,1ef95f60f,2
2760,47a6aa527,4
2761,5f07161fb,2
2762,fb2e9cefb,3
2763,798db5826,4
2764,2333e34af,3
2765,eec90de46,2
2766,b6005e123,3
2767,2fcb73e04,4
2768,7b37f0641,3
2769,7449741c3,4
2770,7836c4fff,4
2771,c59d978ed,4
2772,24dc5bda4,1
2773,9c2dde114,2
2774,3192ac0d1,1
2775,a47c98517,1
2776,1abc6c9ac,4
2777,1932064f2,4
2778,c46f3bb03,4
2779,880feff29,2
2780,b2b411653,1
2781,41132bc8b,4
2782,033ee3b35,1
2783,0472f8362,2
2784,24b90ff21,4
2785,ef8e4a8ea,1
2786,2416babca,4
2787,819610fb0,2
2788,eb532b20f,4
2789,70ed9e868,4
2790,a2ccb8eaf,2
2791,577518f6f,2
2792,3730297ef,1
2793,78f4381c8,4
2794,e155b3b53,1
2795,d598cfa93,2
2796,bde930da4,1
2797,855f25b1e,2
2798,a40c9723d,1
2799,873449e22,3
2800,c62e43019,1
2801,314d76f98,1
2802,9f43bda58,1
2803,8611934a4,2
2804,60af2c770,1
2805,48657f903,1
2806,399621268,2
2807,d5bc869a8,1
2808,c67bd5c3d,1
2809,8741b2cc2,4
2810,6da352736,3
2811,5808046af,4
2812,5005d96ce,4
2813,4ba31d2ea,1
2814,2df0aba2c,2
2815,dac4939a0,2
2816,418e3435e,1
2817,f72b0e008,4
2818,b2f49ee01,2
2819,0488bf707,4
2820,58897f560,3
2821,04d2ba57a,4
2822,29b2024e9,2
2823,b3e88ec7f,4
2824,75dc341b8,4
2825,c7ee0c470,4
2826,04f80d29b,4
2827,a14c66d12,1
2828,1db7f99bc,2
2829,55b630e1f,1
2830,b7d0d52dd,4
2831,21e2dc73a,4
2832,c41fbf78d,4
2833,efe45118b,2
2834,cfb14aad7,4
2835,6a40617ef,2
2836,c2d496062,4
2837,09f67b429,4
2838,f1956e0e9,1
2839,abb35cc95,3
2840,eeee093ac,1
2841,45bf455e3,2
2842,c7f8ad518,4
2843,a9d1a6dfd,4
2844,8d17c2e15,4
2845,c10e58596,1
2846,8cbeb50c2,4
2847,4ec26a042,4
2848,53deadf42,4
2849,79e34f277,3
2850,e008f1cc2,2
2851,79173c987,4
2852,ddf392ca0,3
2853,0df3a3298,1
2854,0d7c8ffc5,4
2855,efd5bec3a,4
2856,0552678e9,4
2857,443f5d934,4
2858,81b661d67,4
2859,55eed657a,4
2860,a22fc7d1e,4
2861,3fc0ccb82,4
2862,4518830bc,2
2863,a637964c7,1
2864,ed1253304,4
2865,32a004c7a,1
2866,523757be5,4
2867,8f0c0a2ac,2
2868,42feec906,3
2869,38adad966,4
2870,5696f4ec8,2
2871,078611100,1
2872,5ae353356,0
2873,5e0f9c570,2
2874,17f0269c3,1
2875,ac3c97959,4
2876,a51dadbba,4
2877,58c1df9e3,4
2878,442d8172e,4
2879,ec09ce787,4
2880,55566116b,4
2881,6166e965e,1
2882,ec4edc2e9,2
2883,0633a59c5,2
2884,859ca28af,2
2885,0d434d652,2
2886,81b3ef909,1
2887,f3ef26e5f,2
2888,11199db22,1
2889,91731036c,3
2890,76c7e75af,4
2891,cf5c8f5ac,4
2892,fe7bbf232,4
2893,f8b94d228,4
2894,ddc05ffe3,4
2895,24813bdd4,4
2896,1ff26db34,4
2897,8264b4e84,2
2898,7aea6a6d8,2
2899,8da802c8a,4
2900,d73da3f6e,4
2901,de3fc9d2b,4
2902,3350e680e,4
2903,5c427bbbd,1
2904,6e2db03de,2
2905,4b393cb28,4
2906,4f0eb9cd9,3
2907,3753ab789,3
2908,fa3174b75,1
2909,19b80fb4d,1
2910,75c776485,4
2911,d64a4e098,4
2912,3fd570f18,1
2913,f2589e581,1
2914,a40d1410c,2
2915,28a18a6a9,2
2916,f193a89c6,1
2917,c261a9d39,4
2918,139e9d198,4
2919,3927c44f1,4
2920,329466cab,4
2921,7899c74ca,4
2922,406315e8a,4
2923,468c9b539,4
2924,7d59a63ab,4
2925,3100a668c,1
2926,0558bb2d7,1
2927,98ff9bd18,4
2928,15863dd24,4
2929,2571bf27c,2
2930,70486b721,2
2931,86a2a6881,1
2932,0ed8aeda3,4
2933,93af034ed,4
2934,445c2346e,2
2935,ec0c0de08,1
2936,ee5030164,2
2937,e80826775,4
2938,c07ad164b,4
2939,74ed8bba6,4
2940,73136a0f5,4
2941,a3c8f980e,4
2942,11feed87f,2
2943,e8ee45ee4,4
2944,8c5ed1edf,2
2945,002089611,2
2946,d13424fb8,4
2947,bf455fcb3,4
2948,98069385c,4
2949,bbc7d11ab,4
2950,33b55525d,3
2951,6e4400ae9,4
2952,cacf485fa,4
2953,800830095,1
2954,a8463f72e,3
2955,1bdcde33c,4
2956,7d8636514,4
2957,dadb1a6b3,4
2958,e21d3fafa,4
2959,b56066c70,2
2960,a9abdb21c,2
2961,c910d02ca,3
2962,cb0203bd4,4
2963,7b03034b5,4
2964,2bc4682a9,4
2965,80d7c5f14,4
2966,9cef5fa38,4
2967,7c343683c,4
2968,3dc5e9891,1
2969,43a36fa14,4
2970,4c5df88e2,3
2971,ab4574ea8,3
2972,f93128a69,2
2973,842a87632,2
2974,dec6e72bf,4
2975,580190a91,2
2976,893a2c311,1
2977,d4b22b144,2
2978,0f6d67efb,2
2979,01605d36c,4
2980,eb23b2a17,4
2981,def338514,4
2982,646970bbf,4
2983,4dcb34e2a,1
2984,f79cf232b,2
2985,07b2fd920,2
2986,7dd97ecfe,1
2987,f81ec307a,2
2988,dbeabb6c3,4
2989,8aeb5c315,3
2990,fef7155c5,3
2991,ae3384132,4
2992,0bbbc724a,4
2993,768735fd6,4
2994,8f93b2622,1
2995,930fc2079,4
2996,3a824916d,1
2997,68f0bebe7,3
2998,ef1eaf326,4
2999,58135580f,1
3000,f521d86a5,1
3001,f8cbe4ab2,4
3002,9a8b2ee3c,4
3003,2d75e8193,4
3004,41706891b,4
3005,b0c161d58,4
3006,0c18817ce,2
3007,92f11c3c9,2
3008,1ce3e4cd7,2
3009,944c4186b,2
3010,58af3154a,3
3011,17656ed15,2
3012,79e886cc7,2
3013,2a330889e,1
3014,08800911c,4
3015,2df8487c7,2
3016,40d535194,1
3017,98fc90990,3
3018,5dbfedf80,1
3019,939df27d9,4
3020,56ee6d0ad,4
3021,3ab3bf758,3
3022,d4bf36d4b,1
3023,ee0b0ba51,4
3024,f26cd90d0,4
3025,f4ed700fa,2
3026,3baa3b163,4
3027,6963de9b9,4
3028,6c8fa1fba,2
3029,4d26d4d58,2
3030,b1e70a735,3
3031,3c91e34b2,2
3032,e441b5140,1
3033,c40882867,2
3034,87498cda6,2
3035,59c6b0f2b,4
3036,93d2beb10,2
3037,424892190,1
3038,2dc57d159,2
3039,ad41951c8,2
3040,355696a3e,1
3041,e66114041,2
3042,e7f480c5b,1
3043,a38740c75,2
3044,91b30b476,1
3045,7f77d544f,1
3046,7b4019eaa,2
3047,62ca66948,1
3048,0a27cf19d,1
3049,a5749e81b,1
3050,ac0565e4c,4
3051,6ff05b0ef,2
3052,4f6c5b764,2
3053,d6608360d,1
3054,a5f835b78,2
3055,6aee9741d,2
3056,7f260786e,4
3057,415838cf0,4
3058,b8fa2d646,4
3059,c9677c095,2
3060,e2b8e93c6,4
3061,dfe80cfa0,4
3062,1ce732cc5,2
3063,975ddae58,4
3064,cf62b409e,4
3065,67fa6000b,4
3066,60e98bd66,4
3067,7e3a1d138,3
3068,bc1ec216e,1
3069,d95c92af6,1
3070,bdad38533,2
3071,c55c30d11,2
3072,0b5242b0d,3
3073,9d0a2b055,3
3074,33782f0e0,3
3075,ad49a3f77,2
3076,34c3efb2f,4
3077,7b988f74c,2
3078,2801782b6,4
3079,3081b57f5,4
3080,79723bf88,4
3081,cd753a884,4
3082,d1d9609a6,4
3083,e84d9ca3e,4
3084,a73cb1747,4
3085,4871993a6,4
3086,c88c17694,4
3087,57a97e9de,4
3088,fc43a4b5f,1
3089,88a5fda1a,1
3090,b983ba0d5,2
3091,6f3c17e85,2
3092,f4c5c23da,4
3093,e37fa5989,1
3094,362056c17,2
3095,502aed447,4
3096,1cb5e5477,2
3097,2b1d0c43d,1
3098,3e8c5fbbb,2
3099,6d141eff4,1
3100,c0a34add3,4
3101,1b15f9dce,4
3102,9b6779955,4
3103,8ec82a3c6,4
3104,b98a21937,2
3105,75a6186e3,2
3106,12989e8d4,4
3107,ed85de329,2
3108,7b5e48a8e,4
3109,9e3a2bb26,4
3110,e7f26dd2a,4
3111,1fa3bf58b,4
3112,f4e86e265,4
3113,aa57b9a86,4
3114,b59d4aa34,4
3115,a30579c92,4
3116,c32912689,2
3117,6783f6ecc,3
3118,2edf001e3,4
3119,e60fbf718,4
3120,2835360ee,1
3121,75868fcba,4
3122,a6cbf7d3d,2
3123,8308fc816,2
3124,88e23d011,3
3125,102d0ddd1,1
3126,3ca4a01c2,4
3127,f415a6480,2
3128,50fe82e65,1
3129,b88067ffb,4
3130,20f7c55ea,4
3131,7ea94297b,4
3132,fa2e47881,4
3133,660e270c0,4
3134,32e7dc847,1
3135,c3fb5f2d2,4
3136,9f80c2dac,1
3137,e27a4e01d,4
3138,498c95749,2
3139,a260e503d,1
3140,f008a0b98,1
3141,ce82d53f0,3
3142,37eec0110,2
3143,455594de4,4
3144,29f5aa28b,4
3145,c05f25e39,2
3146,386e5d4dc,2
3147,c78ff134a,1
3148,6fb52d68e,3
3149,9fdd40b99,4
3150,85ee792ee,4
3151,37241cb2d,2
3152,8c382e6e6,4
3153,818e0ae98,3
3154,ac9a46be6,2
3155,e6d73ee5e,4
3156,f05caca2e,4
3157,181e0995e,2
3158,6c4e31ff4,3
3159,9cc67af67,2
3160,2dffde45b,2
3161,8aa25140f,2
3162,876de70bb,1
3163,638a8f3c5,4
3164,7da33af75,4
3165,8935bd94f,2
3166,04978fa5c,4
3167,745bd4228,4
3168,e6e8038c4,2
3169,5e2ce2508,1
3170,298e0e899,1
3171,f16a2621f,1
3172,4dfd7f46f,1
3173,3a561640c,1
3174,00c8a5254,4
3175,dee83f1f3,1
3176,b4baf0258,3
3177,05d93f20b,4
3178,9746bbe83,4
3179,6c8fc6e8f,2
3180,45538ddfb,2
3181,b62b7f5b8,4
3182,3c313d5d8,1
3183,31dc9cfa4,4
3184,82bac81fa,1
3185,87872d82e,4
3186,dbdbf9296,1
3187,55d408cb8,4
3188,b4c87cc29,4
3189,2bb647d16,2
3190,07af2a6b8,2
3191,e07f48907,2
3192,f3595ef5a,3
3193,bcb02cffb,4
3194,c88bcb58e,1
3195,5f5642496,1
3196,cbf99eb85,4
3197,59f2cd37b,4
3198,27d302a23,4
3199,4abb1867a,4
3200,dc5c7abdb,4
3201,002efc654,4
3202,d310b3bac,4
3203,59432e3d6,2
3204,4330d10a7,3
3205,96f79176d,4
3206,0ed10bc25,4
3207,bcab0cceb,4
3208,9c32ab9e6,4
3209,25c4bbdac,1
3210,f5b7a0d19,2
3211,36a4e40d7,1
3212,1c035b151,2
3213,46c0b1465,1
3214,9de5669c6,1
3215,988f684fa,2
3216,d89f7c7d5,2
3217,078a750ec,3
3218,1f8b61164,4
3219,171d94554,4
3220,61f979555,4
3221,5a98c94bf,4
3222,17b787e5f,4
3223,be2dce744,1
3224,afa3a8d80,4
3225,ffbbed680,4
3226,9304eef29,2
3227,08206fa96,4
3228,c7582e4d8,1
3229,74effbe7b,1
3230,bb8c46789,2
3231,4a2f6d95f,1
3232,ffc9bd892,4
3233,c6a1fceab,2
3234,342d2f01d,1
3235,113541c60,4
3236,ca6c7d843,2
3237,22c02dba7,2
3238,2b22b3b27,1
3239,e6561df79,4
3240,279b54c9f,4
3241,577ad435f,1
3242,3575a4235,2
3243,6958224ae,1
3244,7c1bf73d7,4
3245,1b834ceb7,2
3246,80ed5536d,4
3247,6d6822ce6,2
3248,10fee68e0,1
3249,11a612e80,2
3250,eabd3737a,2
3251,504f7df66,2
3252,ead10ce0b,2
3253,139f84262,4
3254,2d134abae,1
3255,9100f5667,4
3256,7dad7a683,4
3257,f5b8c8a12,3
3258,79d0931f6,4
3259,df615c4f7,4
3260,e1c451d2d,4
3261,5222034a7,1
3262,2864bc6c0,2
3263,1c84540d7,4
3264,f1a6b293d,4
3265,8d9e94432,4
3266,1904c9f75,4
3267,85f591019,4
3268,57126a03c,4
3269,930ae76c8,2
3270,e9e152296,4
3271,b65a284a9,4
3272,a78586662,4
3273,6d92c1ff6,1
3274,b2a3434ab,4
3275,a04dfb55f,4
3276,68e1a0e38,3
3277,963661d40,3
3278,84800ca47,4
3279,6a92ce29a,3
3280,9c74f1e52,4
3281,f14f6d7c5,4
3282,1a84ca4a0,2
3283,9affe6be5,4
3284,5ef33a2b3,1
3285,8d34aa54b,4
3286,95bc41609,2
3287,bfdac9cee,2
3288,dda2a6966,2
3289,3a2cb5be8,4
3290,0b2c8dd70,4
3291,4f983f3ee,4
3292,0c14eab73,1
3293,cea98e1ab,1
3294,4866e1bc1,4
3295,fb34fb816,4
3296,2b5ba8a36,4
3297,45062ca1c,3
3298,ad1ebfca0,4
3299,935418037,1
3300,a2d642640,2
3301,d741c420e,4
3302,06a4ee8e3,4
3303,b24df21ac,4
3304,b951818f3,2
3305,ffc5dccdd,3
3306,909f17843,2
3307,c25d7adf6,2
3308,11f2df8c0,1
3309,59895a1d4,4
3310,d7ab1bcc0,4
3311,4ac6d89f1,4
3312,3ee1cbfb5,3
3313,d46b67376,4
3314,93aab22af,2
3315,c719a018f,3
3316,0a00680eb,3
3317,40f108d98,2
3318,a2968f580,2
3319,65d4edfaf,2
3320,120dde8d1,2
3321,dabff4779,4
3322,8bf8d30ff,4
3323,c0da8b13d,4
3324,2a9efd9a9,4
3325,715dd9e7d,2
3326,79c81203d,3
3327,0ac008083,4
3328,6358b3642,4
3329,4ecd78b51,4
3330,1bfff15ee,1
3331,567447f98,3
3332,7d7cbe3da,2
3333,79c9fdc2f,4
3334,a472c88d1,2
3335,764069c3d,4
3336,26f53b03b,4
3337,ecd39ce63,0
3338,664e5cce2,1
3339,412234a46,4
3340,36445ac53,4
3341,03c9f5406,4
3342,6d84c2251,1
3343,d7807e681,2
3344,696a7b860,4
3345,25493a244,1
3346,835179386,4
3347,33dd4f30a,2
3348,7f828cd9c,2
3349,d5687495e,2
3350,ec71be2ab,4
3351,474329e9b,2
3352,ef6f7b33a,2
3353,f2efb0fc2,4
3354,5289587e1,3
3355,63ecee81a,2
3356,e316eb837,1
3357,42fd84c54,4
3358,713cb0aeb,4
3359,6f5bafcb3,4
3360,217699d93,2
3361,de91d4747,2
3362,c544699c7,2
3363,0eb779abf,3
3364,fd2a64242,4
3365,5408d4a1e,4
3366,b9372348e,4
3367,baa42bd48,3
3368,03884034e,3
3369,04075492e,4
3370,370b4fe8d,3
3371,c064b0720,1
3372,e543465a1,2
3373,c197cb6de,4
3374,eb31928f8,4
3375,ea1af76cf,2
3376,5ddd23d0e,1
3377,76b0d23ac,4
3378,66b94599f,4
3379,12c5cbfa0,4
3380,de6f0b495,4
3381,803c11392,4
3382,4a4967dc8,4
3383,4c72b6ba4,4
3384,5dbe15bdf,4
3385,d4a58059f,2
3386,d84e20526,2
3387,1e1525298,4
3388,3cbf7d95d,3
3389,6e4ec7cdd,1
3390,ca1098b68,2
3391,6af548152,1
3392,ab7a555c6,1
3393,d23cb90ae,4
3394,858e522bb,4
3395,3003aa486,1
3396,5d963ac54,2
3397,39d0430f9,2
3398,8241db7f9,1
3399,9b1db3b0d,4
3400,0df15f0ee,2
3401,d685052df,1
3402,3f8d41923,4
3403,536b25e82,4
3404,72ecffbed,4
3405,0dd314125,4
3406,c7e320b22,3
3407,5f5370250,1
3408,3e303fd0a,4
3409,195ae4d90,2
3410,65a324579,4
3411,579e1ce6c,4
3412,d77a23d8e,4
3413,1874d0bb0,1
3414,a476cc2a2,4
3415,edc42eeff,4
3416,06be5a37d,4
3417,8b7117ef9,4
3418,45339039a,4
3419,6f8ac5065,4
3420,9f5592d4b,4
3421,f38a361f4,1
3422,9719a4bc2,4
3423,f0666c642,3
3424,9ca285b35,4
3425,fb42887f0,4
3426,6ecbc3033,1
3427,bbae08267,4
3428,2e14d82b1,1
3429,573efb3a1,4
3430,aa8372dff,1
3431,17211245e,4
3432,2b130c519,2
3433,dca8e7ec8,1
3434,75403c09e,1
3435,f33b863bf,2
3436,9ab8c5dac,2
3437,811e3c3c7,2
3438,67202d9c9,2
3439,e9a507001,2
3440,1526fc621,1
3441,15c8f8935,2
3442,57feefcf0,4
3443,6fda412c0,4
3444,5d44638bb,4
3445,6905c3150,4
3446,08e585e1a,4
3447,779d81f66,2
3448,ee8483771,1
3449,ad8d6bcc5,1
3450,25415c79d,4
3451,a2f04c0f7,2
3452,6e99c052c,2
3453,9df97f35b,4
3454,a07ede5f6,2
3455,1832f896b,4
3456,5c458363b,4
3457,e94e488a9,2
3458,0f225be32,4
3459,7b55fa473,1
3460,5a561603f,2
3461,a48a11af2,2
3462,b354aa023,1
3463,289553119,4
3464,3fb9d5ea7,1
3465,f5ffd4f5d,1
3466,ecdf91c5e,2
3467,781a3e249,3
3468,142cddef4,4
3469,d49c7fc09,4
3470,1b6a0a4f2,2
3471,20bdaaa94,1
3472,f7eb097e1,2
3473,0b7b6d9c1,2
3474,b7f06c863,4
3475,ea09c82a3,2
3476,48302faf9,2
3477,f89d30151,4
3478,a89818d0d,2
3479,608abb3fa,2
3480,6b7d7d742,2
3481,6a15f54c1,4
3482,e929b5562,4
3483,c10a394dc,2
3484,4804f7339,4
3485,96696a8dc,4
3486,0668b4926,4
3487,1d5524b77,1
3488,589eff838,1
3489,12ed68235,2
3490,ddae84735,4
3491,29184dab8,1
3492,b8fd6a701,4
3493,e7d8a6baf,2
3494,c286ae17e,2
3495,b597dc10d,2
3496,5c041c0e2,1
3497,c8303617a,4
3498,5288df192,4
3499,03193ad4e,4
3500,af14e93a3,2
3501,a99c10f75,1
3502,e8cfefaf7,2
3503,47ed42fa4,1
3504,af1df99b8,4
3505,af6ce458d,4
3506,cb93f7764,4
3507,d41e14226,1
3508,c60f9ef7d,4
3509,47282892a,4
3510,6f9378cb6,4
3511,54393bc98,4
3512,5495eb643,1
3513,138228197,1
3514,1a88c3ed0,2
3515,c3ff4238d,1
3516,9a63d5fb3,4
3517,a4b2866af,2
3518,9247d935e,2
3519,07c7ad4a5,4
3520,5861379a1,1
3521,8e0cad029,2
3522,1de9505ff,4
3523,2c9f73d55,4
3524,f8f0cfa62,2
3525,11885e103,1
3526,3c88f00b0,1
3527,8aa79a9ae,4
3528,623768312,4
3529,eefa95b87,4
3530,672870193,4
3531,17310fd52,4
3532,aebcd204c,4
3533,5e994e6de,4
3534,960824328,1
3535,f165ea771,1
3536,6ce0d8d70,4
3537,ac7007d02,2
3538,fca8b5bf3,2
3539,5b8c45f0c,4
3540,e022a1a0e,2
3541,bcce083e2,4
3542,65d41686a,4
3543,12f1b203e,4
3544,1a47e586c,2
3545,2550ca216,3
3546,464100dfc,4
3547,2ef2f33d0,4
3548,5fe29c2d4,3
3549,6087ade71,2
3550,9646d895b,3
3551,cfd81212c,2
3552,649899b38,2
3553,6767354cd,2
3554,ee5590a4d,1
3555,0c25626fd,4
3556,f86a032c9,1
3557,23d8a4568,4
3558,0119a01ca,2
3559,b10be6346,1
3560,f59e738de,4
3561,3865c0878,4
3562,5fa68411b,4
3563,e7252c4ee,4
3564,c7ea2f356,4
3565,e4d8e2cad,2
3566,8b39bdfea,4
3567,192f5b9c8,1
3568,e321e9619,2
3569,41a75d283,4
3570,44ba20fa9,2
3571,ea330435b,4
3572,2a4074285,4
3573,3d9e5f868,4
3574,cb2063971,2
3575,6dc1c0018,3
3576,3dd6b42ef,3
3577,542af6f78,2
3578,148833e93,4
3579,e9cc586d2,4
3580,868b30899,3
3581,d57771a2b,4
3582,6a5fb976d,4
3583,ef50b03bf,1
3584,b2985c2b7,1
3585,d7c605337,4
3586,2f9fbcf53,1
3587,64f59ce65,4
3588,bda97efe4,2
3589,25ef813ac,4
3590,90af27318,2
3591,e597a9504,4
3592,3bb0e0576,4
3593,9ba2dfcab,4
3594,39f7260a4,4
3595,b0c5ce033,2
3596,59240a190,4
3597,3203d1fe8,4
3598,bd348bdea,2
3599,a3f81690b,1
3600,d64e3a002,2
3601,6004585d7,4
3602,c009f5343,1
3603,511ee73a8,4
3604,34eb88de0,4
3605,16431776a,4
3606,422f0f904,2
3607,354ad677f,4
3608,0872f893a,1
3609,77429ca16,4
3610,eb43bfd87,4
3611,074487b2c,2
3612,e92da4568,1
3613,1c57e4387,2
3614,6c510886d,2
3615,85b2d0193,4
3616,ead6d89ed,4
3617,721dedbc6,4
3618,4fec3595a,4
3619,6c0f41257,2
3620,632c3bffd,2
3621,fe7f27615,4
3622,e4c8a0832,2
3623,696b608b8,1
3624,fcec8dd3e,4
3625,ce7b71e62,2
3626,3bfbf0288,3
3627,d5c5e0420,1
3628,a6c2d8124,2
3629,e09e77e2e,1
3630,1b5e097c9,4
3631,b79af4a4a,4
3632,0ccbcf2b0,3
3633,141aed83f,2
3634,dcb65c540,2
3635,f5b4fd821,2
3636,c6225ffe3,1
3637,e8ab9d3bd,3
3638,b0cbbd20c,4
3639,6240b64c3,2
3640,2132cc55e,4
3641,b16a99460,4
3642,3734b6fdb,2
3643,e50d0a67b,4
3644,27d8bba63,4
3645,acc8763bc,4
3646,1fe9b67e5,4
3647,8b1140cab,4
3648,9964c2520,2
3649,e38ecd527,3
3650,e0d18a007,4
3651,39f01e829,4
3652,8c841f023,2
3653,f8b221b42,4
3654,8e46e46ec,2
3655,dc773ef06,2
3656,d8c70bc6c,2
3657,58b99e166,4
3658,99d7419fd,2
3659,dfdebd462,4
3660,9dc2594e0,4
3661,c1cf3007b,4
3662,96ce6f4a8,2
3663,e6d1ea8a7,4
3664,e1c1c681b,4
3665,c6a3436f7,4
3666,2aa43dabd,1
3667,6c2d4467e,4
3668,1e39eb7fa,4
3669,95f4e925c,1
3670,a17b0f14f,4
3671,b2bac2087,4
3672,ecd1818d6,3
3673,99cd3d74e,4
3674,5dcdcf95f,4
3675,983822ba0,1
3676,095d1234c,1
3677,86ee9f32f,4
3678,51671053b,2
3679,5af74be59,1
3680,0aabc201c,4
3681,4c31e01d0,4
3682,1a5334fb0,4
3683,acc8f0372,4
3684,84c7efd3d,4
3685,19701e571,2
3686,17bc2100b,4
3687,2425e8c69,2
3688,f764e80d0,4
3689,29da21a92,2
3690,28d5aa3c7,2
3691,f8efa9a08,1
3692,835babbf8,4
3693,b01c74871,4
3694,2c39ce6a5,1
3695,59ca9b763,2
3696,fe3cdfc6e,4
3697,bf974099a,4
3698,5407c2562,1
3699,6c7e68bf2,2
3700,276022cac,4
3701,48149dae3,2
3702,18de9f734,4
3703,1803142d3,4
3704,0e2f3fcdd,1
3705,15aa99ed3,1
3706,9689c2ce6,1
3707,50309182e,4
3708,a98e7398d,3
3709,baf77a776,1
3710,317e30302,2
3711,66e2210dc,4
3712,820eb41d1,2
3713,b5b619667,1
3714,6200d5dee,4
3715,cfb7c82c6,4
3716,ebcaa9c20,4
3717,8f2b809a0,2
3718,2f88367be,2
3719,1e9da6a08,2
3720,2e6e64c39,4
3721,367b12c4b,4
3722,b674c8692,4
3723,c4adfc9a5,2
3724,16f35966b,2
3725,c31b38a7d,4
3726,f99cd03b2,4
3727,fad2e38e5,1
3728,6931cb084,4
3729,7d736761c,2
3730,19addac4e,4
3731,a4e656a52,3
3732,fc7213f19,2
3733,736b22298,4
3734,15cf69c03,3
3735,fb751ef23,3
3736,32db5a03e,2
3737,fe90ce601,4
3738,ddc481283,4
3739,636417c9a,2
3740,fe467b074,2
3741,b27f59dba,4
3742,a958e3b39,1
3743,7835ec638,4
3744,d48f61ac3,1
3745,c7aac749d,4
3746,055e6b68e,1
3747,26e208a04,1
3748,edbd2aefd,4
3749,634990551,3
3750,7fa306eb1,4
3751,00e3e33ad,4
3752,7d2eb09db,4
3753,1bf2c57ac,4
3754,2d7ae4a37,4
3755,83ea43422,2
3756,5992ab728,4
3757,7791a7bb5,4
3758,43fe9e1f1,2
3759,1b5167d86,3
3760,782200e7b,4
3761,48e1140e5,1
3762,f3cb7653e,4
3763,444a8d24c,2
3764,2b0c1563d,1
3765,3d41cba5a,2
3766,4e0eeab08,4
3767,ade5e46bc,4
3768,15a45ff6b,4
3769,bdda2f67c,1
3770,adb1bb404,2
3771,ef5b7fd86,2
3772,30148cda8,4
3773,04109f4bb,4
3774,bbe1feff9,1
3775,50aad8ba1,1
3776,23ede6767,4
3777,c6cb5b8f0,4
3778,df551942c,2
3779,4967721ea,4
3780,0162ff4ad,1
3781,67889f775,2
3782,455947671,2
3783,2b5cfe4ed,2
3784,9c4036fbe,0
3785,f4b357be8,4
3786,394110038,4
3787,f2b0a2d4d,4
3788,5c2d4351c,2
3789,7e60bb943,2
3790,3b15925d2,1
3791,018fb14a0,1
3792,80380a36a,2
3793,760432bfc,4
3794,c7a9d12b5,4
3795,db06ea8e6,4
3796,bb61d0643,4
3797,27aa3c655,4
3798,bbad9d7e6,4
3799,28827dfdc,3
3800,63215f3a2,2
3801,996c0bb25,4
3802,7dcbd44c9,1
3803,250535a24,4
3804,96707f647,1
3805,39068e0f9,2
3806,e21801eb0,4
3807,aceaf9624,1
3808,ed7641639,4
3809,bea2534d3,2
3810,fe0df7f68,2
3811,ba96a9996,1
3812,b844b6e78,1
3813,c778ea892,4
3814,86e923f63,1
3815,1defc9276,4
3816,446141be2,4
3817,8c23d699b,3
3818,1302c2f0f,4
3819,9576538df,4
3820,b05179874,4
3821,693b37f08,4
3822,f3f934d64,4
3823,0f772af0e,1
3824,31198cb23,4
3825,3a15e2c9a,4
3826,117433fdd,4
3827,8f032b749,4
3828,7f9077318,4
3829,05ad15116,3
3830,f106c74a1,2
3831,5daebea1b,4
3832,d9f9cba10,4
3833,d5890f7ed,1
3834,f19b41d55,3
3835,e00789295,2
3836,e19b3715d,4
3837,b06caed1e,2
3838,bc1b18dd9,4
3839,fdbaf8057,4
3840,41309214f,3
3841,63a6d82cd,2
3842,28d5ac2cd,4
3843,299a72383,1
3844,e98ba5408,4
3845,61acd419c,2
3846,2c7898e5e,4
3847,2e03d576b,4
3848,94a25d5df,3
3849,9d279292a,4
3850,190bf1da2,4
3851,58be8697d,4
3852,589be847f,4
3853,be16e9744,2
3854,7f1c432b5,4
3855,41f16e3c4,2
3856,7c30bce68,2
3857,406c985ad,4
3858,7fe030a19,4
3859,26ac97f06,4
3860,49b955c82,2
3861,56968d159,1
3862,07d1477b0,1
3863,e873c1fbf,4
3864,05e0673ef,2
3865,23e429b3f,4
3866,86b3c060a,4
3867,1141726af,2
3868,94ffdf699,4
3869,06479fca1,2
3870,5829cd149,4
3871,a081c176e,4
3872,69a6541ea,2
3873,55cfab38a,4
3874,f734c3ec0,2
3875,95efa1725,2
3876,5abad9f6a,1
3877,5523bbf0e,3
3878,ce495cd71,2
3879,6a8816e22,4
3880,216e877d0,3
3881,264dc373b,2
3882,f140354e7,4
3883,e3e542f2e,4
3884,6ff0e562c,4
3885,df5c256a4,4
3886,d10b772b0,1
3887,61dd5b10e,4
3888,8f8a0c255,3
3889,918352f14,2
3890,7c4db8441,4
3891,821a4c853,3
3892,6298555f4,4
3893,be0ad7e94,4
3894,75e6c78fd,4
3895,23c8e93e7,4
3896,349b02b67,4
3897,5945e7484,4
3898,284d4dd1f,2
3899,6a73ddcb1,4
3900,19653e9f4,4
3901,e14bf9875,1
3902,90b887774,1
3903,4a5f31a13,4
3904,a848b0e4d,4
3905,0486bbdd0,1
3906,8aa0b76a3,4
3907,023772a40,4
3908,f9b8b3067,4
3909,5ac194c70,1
3910,d85728f92,4
3911,fcb21fe20,1
3912,4fa94b6c0,4
3913,5a44b1849,2
3914,83de7a45d,2
3915,052225ae9,4
3916,779c9537b,4
3917,6f151517d,1
3918,a1940823a,4
3919,57d3a857e,4
3920,2ba2db973,2
3921,0cdd2842f,4
3922,f8de7a61d,1
3923,7739949aa,2
3924,93c707905,1
3925,fafff856b,4
3926,5511f0864,4
3927,890ec902c,1
3928,8a837d244,4
3929,6722b9705,4
3930,187b47e89,1
3931,e68ecf907,1
3932,db6c077d0,2
3933,acbd61638,4
3934,9b0b7160d,2
3935,e1af6d264,1
3936,b7487278a,4
3937,44dec604b,1
3938,72686278a,4
3939,9f4caca0f,4
3940,51029793e,3
3941,0705701d9,4
3942,9c8a01226,4
3943,66fd6705a,4
3944,e4a715be4,2
3945,759a48292,2
3946,57a0b3def,4
3947,7c9f999a0,4
3948,6387fd0b7,4
3949,47ebd0e43,2
3950,d2553fbf5,1
3951,afe8eca60,1
3952,8865451b9,4
3953,31822feba,4
3954,4beab1c3c,4
3955,ea6d84c73,4
3956,093f709d7,2
3957,15dff57fc,4
3958,a691ef2a1,1
3959,eea8e2b57,1
3960,e7197c3e4,1
3961,34a2402b3,2
3962,bb6aead09,1
3963,8ec8828d8,4
3964,2baa835f4,4
3965,275ad28b9,1
3966,2fec25579,1
3967,ae57f8d52,4
3968,83432904d,4
3969,399013029,4
3970,fd80b8c80,4
3971,493ed84ae,4
